circular                                          22 129 129
 0.220000005E+01 0.220000005E+01 0.100000000E+01 0.890000000E+01 0.000000000E+00
 0.100000000E+02 0.000000000E+00 0.000000000E+00 0.840622963E+00 0.100000000E+01
 0.000000000E+00 0.000000000E+00 0.000000000E+00 0.000000000E+00 0.000000000E+00
 0.000000000E+00 0.000000000E+00 0.000000000E+00 0.000000000E+00 0.000000000E+00
 0.300000000E+02 0.300000000E+02 0.300000000E+02 0.300000000E+02 0.300000000E+02
 0.300000000E+02 0.300000000E+02 0.300000000E+02 0.300000000E+02 0.300000000E+02
 0.300000000E+02 0.300000000E+02 0.300000000E+02 0.300000000E+02 0.300000000E+02
 0.300000000E+02 0.300000000E+02 0.300000000E+02 0.300000000E+02 0.300000000E+02
 0.300000000E+02 0.300000000E+02 0.300000000E+02 0.300000000E+02 0.300000000E+02
 0.300000000E+02 0.300000000E+02 0.300000000E+02 0.300000000E+02 0.300000000E+02
 0.300000000E+02 0.300000000E+02 0.300000000E+02 0.300000000E+02 0.300000000E+02
 0.300000000E+02 0.300000000E+02 0.300000000E+02 0.300000000E+02 0.300000000E+02
 0.300000000E+02 0.300000000E+02 0.300000000E+02 0.300000000E+02 0.300000000E+02
 0.300000000E+02 0.300000000E+02 0.300000000E+02 0.300000000E+02 0.300000000E+02
 0.300000000E+02 0.300000000E+02 0.300000000E+02 0.300000000E+02 0.300000000E+02
 0.300000000E+02 0.300000000E+02 0.300000000E+02 0.300000000E+02 0.300000000E+02
 0.300000000E+02 0.300000000E+02 0.300000000E+02 0.300000000E+02 0.300000000E+02
 0.300000000E+02 0.300000000E+02 0.300000000E+02 0.300000000E+02 0.300000000E+02
 0.300000000E+02 0.300000000E+02 0.300000000E+02 0.300000000E+02 0.300000000E+02
 0.300000000E+02 0.300000000E+02 0.300000000E+02 0.300000000E+02 0.300000000E+02
 0.300000000E+02 0.300000000E+02 0.300000000E+02 0.300000000E+02 0.300000000E+02
 0.300000000E+02 0.300000000E+02 0.300000000E+02 0.300000000E+02 0.300000000E+02
 0.300000000E+02 0.300000000E+02 0.300000000E+02 0.300000000E+02 0.300000000E+02
 0.300000000E+02 0.300000000E+02 0.300000000E+02 0.300000000E+02 0.300000000E+02
 0.300000000E+02 0.300000000E+02 0.300000000E+02 0.300000000E+02 0.300000000E+02
 0.300000000E+02 0.300000000E+02 0.300000000E+02 0.300000000E+02 0.300000000E+02
 0.300000000E+02 0.300000000E+02 0.300000000E+02 0.300000000E+02 0.300000000E+02
 0.300000000E+02 0.300000000E+02 0.300000000E+02 0.300000000E+02 0.300000000E+02
 0.300000000E+02 0.300000000E+02 0.300000000E+02 0.300000000E+02 0.300000000E+02
 0.300000000E+02 0.300000000E+02 0.300000000E+02 0.300000000E+02
 0.640880000E+04 0.640880000E+04 0.640880000E+04 0.640880000E+04 0.640880000E+04
 0.640880000E+04 0.640880000E+04 0.640880000E+04 0.640880000E+04 0.640880000E+04
 0.640880000E+04 0.640880000E+04 0.640880000E+04 0.640880000E+04 0.640880000E+04
 0.640880000E+04 0.640880000E+04 0.640880000E+04 0.640880000E+04 0.640880000E+04
 0.640880000E+04 0.640880000E+04 0.640880000E+04 0.640880000E+04 0.640880000E+04
 0.640880000E+04 0.640880000E+04 0.640880000E+04 0.640880000E+04 0.640880000E+04
 0.640880000E+04 0.640880000E+04 0.640880000E+04 0.640880000E+04 0.640880000E+04
 0.640880000E+04 0.640880000E+04 0.640880000E+04 0.640880000E+04 0.640880000E+04
 0.640880000E+04 0.640880000E+04 0.640880000E+04 0.640880000E+04 0.640880000E+04
 0.640880000E+04 0.640880000E+04 0.640880000E+04 0.640880000E+04 0.640880000E+04
 0.640880000E+04 0.640880000E+04 0.640880000E+04 0.640880000E+04 0.640880000E+04
 0.640880000E+04 0.640880000E+04 0.640880000E+04 0.640880000E+04 0.640880000E+04
 0.640880000E+04 0.640880000E+04 0.640880000E+04 0.640880000E+04 0.640880000E+04
 0.640880000E+04 0.640880000E+04 0.640880000E+04 0.640880000E+04 0.640880000E+04
 0.640880000E+04 0.640880000E+04 0.640880000E+04 0.640880000E+04 0.640880000E+04
 0.640880000E+04 0.640880000E+04 0.640880000E+04 0.640880000E+04 0.640880000E+04
 0.640880000E+04 0.640880000E+04 0.640880000E+04 0.640880000E+04 0.640880000E+04
 0.640880000E+04 0.640880000E+04 0.640880000E+04 0.640880000E+04 0.640880000E+04
 0.640880000E+04 0.640880000E+04 0.640880000E+04 0.640880000E+04 0.640880000E+04
 0.640880000E+04 0.640880000E+04 0.640880000E+04 0.640880000E+04 0.640880000E+04
 0.640880000E+04 0.640880000E+04 0.640880000E+04 0.640880000E+04 0.640880000E+04
 0.640880000E+04 0.640880000E+04 0.640880000E+04 0.640880000E+04 0.640880000E+04
 0.640880000E+04 0.640880000E+04 0.640880000E+04 0.640880000E+04 0.640880000E+04
 0.640880000E+04 0.640880000E+04 0.640880000E+04 0.640880000E+04 0.640880000E+04
 0.640880000E+04 0.640880000E+04 0.640880000E+04 0.640880000E+04 0.640880000E+04
 0.640880000E+04 0.640880000E+04 0.640880000E+04 0.640880000E+04
 0.000000000E+00 0.000000000E+00 0.000000000E+00 0.000000000E+00 0.000000000E+00
 0.000000000E+00 0.000000000E+00 0.000000000E+00 0.000000000E+00 0.000000000E+00
 0.000000000E+00 0.000000000E+00 0.000000000E+00 0.000000000E+00 0.000000000E+00
 0.000000000E+00 0.000000000E+00 0.000000000E+00 0.000000000E+00 0.000000000E+00
 0.000000000E+00 0.000000000E+00 0.000000000E+00 0.000000000E+00 0.000000000E+00
 0.000000000E+00 0.000000000E+00 0.000000000E+00 0.000000000E+00 0.000000000E+00
 0.000000000E+00 0.000000000E+00 0.000000000E+00 0.000000000E+00 0.000000000E+00
 0.000000000E+00 0.000000000E+00 0.000000000E+00 0.000000000E+00 0.000000000E+00
 0.000000000E+00 0.000000000E+00 0.000000000E+00 0.000000000E+00 0.000000000E+00
 0.000000000E+00 0.000000000E+00 0.000000000E+00 0.000000000E+00 0.000000000E+00
 0.000000000E+00 0.000000000E+00 0.000000000E+00 0.000000000E+00 0.000000000E+00
 0.000000000E+00 0.000000000E+00 0.000000000E+00 0.000000000E+00 0.000000000E+00
 0.000000000E+00 0.000000000E+00 0.000000000E+00 0.000000000E+00 0.000000000E+00
 0.000000000E+00 0.000000000E+00 0.000000000E+00 0.000000000E+00 0.000000000E+00
 0.000000000E+00 0.000000000E+00 0.000000000E+00 0.000000000E+00 0.000000000E+00
 0.000000000E+00 0.000000000E+00 0.000000000E+00 0.000000000E+00 0.000000000E+00
 0.000000000E+00 0.000000000E+00 0.000000000E+00 0.000000000E+00 0.000000000E+00
 0.000000000E+00 0.000000000E+00 0.000000000E+00 0.000000000E+00 0.000000000E+00
 0.000000000E+00 0.000000000E+00 0.000000000E+00 0.000000000E+00 0.000000000E+00
 0.000000000E+00 0.000000000E+00 0.000000000E+00 0.000000000E+00 0.000000000E+00
 0.000000000E+00 0.000000000E+00 0.000000000E+00 0.000000000E+00 0.000000000E+00
 0.000000000E+00 0.000000000E+00 0.000000000E+00 0.000000000E+00 0.000000000E+00
 0.000000000E+00 0.000000000E+00 0.000000000E+00 0.000000000E+00 0.000000000E+00
 0.000000000E+00 0.000000000E+00 0.000000000E+00 0.000000000E+00 0.000000000E+00
 0.000000000E+00 0.000000000E+00 0.000000000E+00 0.000000000E+00 0.000000000E+00
 0.000000000E+00 0.000000000E+00 0.000000000E+00 0.000000000E+00
 0.000000000E+00 0.000000000E+00 0.000000000E+00 0.000000000E+00 0.000000000E+00
 0.000000000E+00 0.000000000E+00 0.000000000E+00 0.000000000E+00 0.000000000E+00
 0.000000000E+00 0.000000000E+00 0.000000000E+00 0.000000000E+00 0.000000000E+00
 0.000000000E+00 0.000000000E+00 0.000000000E+00 0.000000000E+00 0.000000000E+00
 0.000000000E+00 0.000000000E+00 0.000000000E+00 0.000000000E+00 0.000000000E+00
 0.000000000E+00 0.000000000E+00 0.000000000E+00 0.000000000E+00 0.000000000E+00
 0.000000000E+00 0.000000000E+00 0.000000000E+00 0.000000000E+00 0.000000000E+00
 0.000000000E+00 0.000000000E+00 0.000000000E+00 0.000000000E+00 0.000000000E+00
 0.000000000E+00 0.000000000E+00 0.000000000E+00 0.000000000E+00 0.000000000E+00
 0.000000000E+00 0.000000000E+00 0.000000000E+00 0.000000000E+00 0.000000000E+00
 0.000000000E+00 0.000000000E+00 0.000000000E+00 0.000000000E+00 0.000000000E+00
 0.000000000E+00 0.000000000E+00 0.000000000E+00 0.000000000E+00 0.000000000E+00
 0.000000000E+00 0.000000000E+00 0.000000000E+00 0.000000000E+00 0.000000000E+00
 0.000000000E+00 0.000000000E+00 0.000000000E+00 0.000000000E+00 0.000000000E+00
 0.000000000E+00 0.000000000E+00 0.000000000E+00 0.000000000E+00 0.000000000E+00
 0.000000000E+00 0.000000000E+00 0.000000000E+00 0.000000000E+00 0.000000000E+00
 0.000000000E+00 0.000000000E+00 0.000000000E+00 0.000000000E+00 0.000000000E+00
 0.000000000E+00 0.000000000E+00 0.000000000E+00 0.000000000E+00 0.000000000E+00
 0.000000000E+00 0.000000000E+00 0.000000000E+00 0.000000000E+00 0.000000000E+00
 0.000000000E+00 0.000000000E+00 0.000000000E+00 0.000000000E+00 0.000000000E+00
 0.000000000E+00 0.000000000E+00 0.000000000E+00 0.000000000E+00 0.000000000E+00
 0.000000000E+00 0.000000000E+00 0.000000000E+00 0.000000000E+00 0.000000000E+00
 0.000000000E+00 0.000000000E+00 0.000000000E+00 0.000000000E+00 0.000000000E+00
 0.000000000E+00 0.000000000E+00 0.000000000E+00 0.000000000E+00 0.000000000E+00
 0.000000000E+00 0.000000000E+00 0.000000000E+00 0.000000000E+00 0.000000000E+00
 0.000000000E+00 0.000000000E+00 0.000000000E+00 0.000000000E+00
 0.192484779E+01 0.189764704E+01 0.187080341E+01 0.184431991E+01 0.181819951E+01
 0.179244517E+01 0.176705982E+01 0.174204638E+01 0.171740773E+01 0.169314675E+01
 0.166926626E+01 0.164576909E+01 0.162265801E+01 0.159993578E+01 0.157760513E+01
 0.155566874E+01 0.153412927E+01 0.151298936E+01 0.149225159E+01 0.147191852E+01
 0.145199268E+01 0.143247654E+01 0.141337256E+01 0.139468312E+01 0.137641061E+01
 0.135855733E+01 0.134112557E+01 0.132411757E+01 0.130753552E+01 0.129138156E+01
 0.127565779E+01 0.126036626E+01 0.124550897E+01 0.123108789E+01 0.121710490E+01
 0.120356188E+01 0.119046060E+01 0.117780283E+01 0.116559026E+01 0.115382452E+01
 0.114250721E+01 0.113163984E+01 0.112122390E+01 0.111126079E+01 0.110175188E+01
 0.109269846E+01 0.108410177E+01 0.107596300E+01 0.106828325E+01 0.106106359E+01
 0.105430501E+01 0.104800845E+01 0.104217478E+01 0.103680480E+01 0.103189928E+01
 0.102745888E+01 0.102348422E+01 0.101997586E+01 0.101693430E+01 0.101435994E+01
 0.101225316E+01 0.101061425E+01 0.100944343E+01 0.100874088E+01 0.100850668E+01
 0.100874088E+01 0.100944344E+01 0.101061425E+01 0.101225317E+01 0.101435995E+01
 0.101693431E+01 0.101997587E+01 0.102348423E+01 0.102745889E+01 0.103189929E+01
 0.103680482E+01 0.104217479E+01 0.104800846E+01 0.105430503E+01 0.106106361E+01
 0.106828327E+01 0.107596302E+01 0.108410180E+01 0.109269849E+01 0.110175191E+01
 0.111126082E+01 0.112122393E+01 0.113163987E+01 0.114250724E+01 0.115382456E+01
 0.116559029E+01 0.117780287E+01 0.119046064E+01 0.120356191E+01 0.121710494E+01
 0.123108793E+01 0.124550901E+01 0.126036630E+01 0.127565783E+01 0.129138160E+01
 0.130753557E+01 0.132411762E+01 0.134112562E+01 0.135855738E+01 0.137641066E+01
 0.139468317E+01 0.141337261E+01 0.143247660E+01 0.145199274E+01 0.147191858E+01
 0.149225165E+01 0.151298941E+01 0.153412933E+01 0.155566880E+01 0.157760519E+01
 0.159993585E+01 0.162265808E+01 0.164576916E+01 0.166926633E+01 0.169314682E+01
 0.171740780E+01 0.174204645E+01 0.176705989E+01 0.179244524E+01 0.181819958E+01
 0.184431998E+01 0.187080349E+01 0.189764711E+01 0.192484787E+01 0.189764704E+01
 0.187037334E+01 0.184345750E+01 0.181690253E+01 0.179071144E+01 0.176488718E+01
 0.173943272E+01 0.171435098E+01 0.168964488E+01 0.166531728E+01 0.164137104E+01
 0.161780900E+01 0.159463395E+01 0.157184866E+01 0.154945586E+01 0.152745828E+01
 0.150585858E+01 0.148465940E+01 0.146386336E+01 0.144347303E+01 0.142349093E+01
 0.140391958E+01 0.138476142E+01 0.136601887E+01 0.134769432E+01 0.132979009E+01
 0.131230849E+01 0.129525176E+01 0.127862211E+01 0.126242169E+01 0.124665262E+01
 0.123131695E+01 0.121641671E+01 0.120195387E+01 0.118793032E+01 0.117434795E+01
 0.116120855E+01 0.114851390E+01 0.113626569E+01 0.112446557E+01 0.111311514E+01
 0.110221594E+01 0.109176944E+01 0.108177708E+01 0.107224021E+01 0.106316015E+01
 0.105453814E+01 0.104637536E+01 0.103867294E+01 0.103143196E+01 0.102465340E+01
 0.101833821E+01 0.101248727E+01 0.100710139E+01 0.100218132E+01 0.997727749E+00
 0.993741300E+00 0.990222529E+00 0.987171930E+00 0.984589929E+00 0.982476889E+00
 0.980833105E+00 0.979658809E+00 0.978954166E+00 0.978719275E+00 0.978954168E+00
 0.979658812E+00 0.980833109E+00 0.982476894E+00 0.984589936E+00 0.987171938E+00
 0.990222538E+00 0.993741310E+00 0.997727760E+00 0.100218133E+01 0.100710140E+01
 0.101248728E+01 0.101833822E+01 0.102465342E+01 0.103143197E+01 0.103867296E+01
 0.104637538E+01 0.105453816E+01 0.106316017E+01 0.107224024E+01 0.108177711E+01
 0.109176947E+01 0.110221597E+01 0.111311517E+01 0.112446560E+01 0.113626572E+01
 0.114851393E+01 0.116120859E+01 0.117434798E+01 0.118793036E+01 0.120195390E+01
 0.121641675E+01 0.123131700E+01 0.124665266E+01 0.126242174E+01 0.127862216E+01
 0.129525181E+01 0.131230854E+01 0.132979014E+01 0.134769437E+01 0.136601892E+01
 0.138476147E+01 0.140391963E+01 0.142349099E+01 0.144347308E+01 0.146386342E+01
 0.148465946E+01 0.150585864E+01 0.152745834E+01 0.154945593E+01 0.157184872E+01
 0.159463401E+01 0.161780907E+01 0.164137111E+01 0.166531735E+01 0.168964495E+01
 0.171435105E+01 0.173943279E+01 0.176488725E+01 0.179071151E+01 0.181690261E+01
 0.184345757E+01 0.187037341E+01 0.189764711E+01 0.187080341E+01 0.184345750E+01
 0.181647017E+01 0.178984446E+01 0.176358338E+01 0.173768991E+01 0.171216703E+01
 0.168701768E+01 0.166224478E+01 0.163785123E+01 0.161383990E+01 0.159021363E+01
 0.156697524E+01 0.154412751E+01 0.152167319E+01 0.149961502E+01 0.147795568E+01
 0.145669783E+01 0.143584408E+01 0.141539704E+01 0.139535924E+01 0.137573321E+01
 0.135652140E+01 0.133772627E+01 0.131935019E+01 0.130139551E+01 0.128386455E+01
 0.126675957E+01 0.125008278E+01 0.123383635E+01 0.121802241E+01 0.120264304E+01
 0.118770026E+01 0.117319605E+01 0.115913234E+01 0.114551100E+01 0.113233385E+01
 0.111960267E+01 0.110731916E+01 0.109548500E+01 0.108410177E+01 0.107317104E+01
 0.106269428E+01 0.105267294E+01 0.104310839E+01 0.103400193E+01 0.102535484E+01
 0.101716829E+01 0.100944343E+01 0.100218131E+01 0.995382967E+00 0.989049328E+00
 0.983181280E+00 0.977779643E+00 0.972845173E+00 0.968378560E+00 0.964380430E+00
 0.960851345E+00 0.957791799E+00 0.955202224E+00 0.953082983E+00 0.951434375E+00
 0.950256633E+00 0.949549921E+00 0.949314340E+00 0.949549922E+00 0.950256635E+00
 0.951434379E+00 0.953082989E+00 0.955202231E+00 0.957791807E+00 0.960851354E+00
 0.964380440E+00 0.968378572E+00 0.972845186E+00 0.977779658E+00 0.983181296E+00
 0.989049344E+00 0.995382985E+00 0.100218133E+01 0.100944345E+01 0.101716831E+01
 0.102535486E+01 0.103400196E+01 0.104310841E+01 0.105267297E+01 0.106269431E+01
 0.107317107E+01 0.108410180E+01 0.109548503E+01 0.110731920E+01 0.111960270E+01
 0.113233389E+01 0.114551104E+01 0.115913238E+01 0.117319609E+01 0.118770030E+01
 0.120264308E+01 0.121802246E+01 0.123383640E+01 0.125008282E+01 0.126675961E+01
 0.128386460E+01 0.130139556E+01 0.131935024E+01 0.133772632E+01 0.135652146E+01
 0.137573326E+01 0.139535930E+01 0.141539710E+01 0.143584414E+01 0.145669788E+01
 0.147795574E+01 0.149961508E+01 0.152167326E+01 0.154412757E+01 0.156697530E+01
 0.159021370E+01 0.161383997E+01 0.163785130E+01 0.166224485E+01 0.168701775E+01
 0.171216710E+01 0.173768998E+01 0.176358345E+01 0.178984453E+01 0.181647025E+01
 0.184345757E+01 0.187080349E+01 0.184431991E+01 0.181690253E+01 0.178984446E+01
 0.176314874E+01 0.173681839E+01 0.171085643E+01 0.168526584E+01 0.166004957E+01
 0.163521057E+01 0.161075175E+01 0.158667599E+01 0.156298615E+01 0.153968507E+01
 0.151677553E+01 0.149426033E+01 0.147214218E+01 0.145042381E+01 0.142910787E+01
 0.140819702E+01 0.138769384E+01 0.136760091E+01 0.134792075E+01 0.132865584E+01
 0.130980864E+01 0.129138155E+01 0.127337694E+01 0.125579712E+01 0.123864436E+01
 0.122192091E+01 0.120562894E+01 0.118977059E+01 0.117434794E+01 0.115936305E+01
 0.114481789E+01 0.113071441E+01 0.111705449E+01 0.110383997E+01 0.109107262E+01
 0.107875417E+01 0.106688629E+01 0.105547060E+01 0.104450864E+01 0.103400193E+01
 0.102395190E+01 0.101435993E+01 0.100522735E+01 0.996555422E+00 0.988345340E+00
 0.980598248E+00 0.973315224E+00 0.966497282E+00 0.960145374E+00 0.954260390E+00
 0.948843152E+00 0.943894422E+00 0.939414894E+00 0.935405198E+00 0.931865899E+00
 0.928797496E+00 0.926200421E+00 0.924075041E+00 0.922421657E+00 0.921240501E+00
 0.920531741E+00 0.920295477E+00 0.920531742E+00 0.921240503E+00 0.922421661E+00
 0.924075046E+00 0.926200428E+00 0.928797504E+00 0.931865908E+00 0.935405208E+00
 0.939414906E+00 0.943894435E+00 0.948843167E+00 0.954260405E+00 0.960145391E+00
 0.966497300E+00 0.973315243E+00 0.980598269E+00 0.988345362E+00 0.996555445E+00
 0.100522738E+01 0.101435996E+01 0.102395193E+01 0.103400196E+01 0.104450867E+01
 0.105547063E+01 0.106688633E+01 0.107875421E+01 0.109107266E+01 0.110384001E+01
 0.111705453E+01 0.113071445E+01 0.114481793E+01 0.115936309E+01 0.117434799E+01
 0.118977063E+01 0.120562898E+01 0.122192095E+01 0.123864441E+01 0.125579716E+01
 0.127337699E+01 0.129138161E+01 0.130980870E+01 0.132865590E+01 0.134792080E+01
 0.136760096E+01 0.138769390E+01 0.140819708E+01 0.142910793E+01 0.145042387E+01
 0.147214224E+01 0.149426039E+01 0.151677560E+01 0.153968513E+01 0.156298621E+01
 0.158667605E+01 0.161075181E+01 0.163521064E+01 0.166004964E+01 0.168526591E+01
 0.171085650E+01 0.173681846E+01 0.176314881E+01 0.178984453E+01 0.181690261E+01
 0.184431999E+01 0.181819951E+01 0.179071143E+01 0.176358337E+01 0.173681839E+01
 0.171041953E+01 0.168438980E+01 0.165873221E+01 0.163344974E+01 0.160854534E+01
 0.158402194E+01 0.155988244E+01 0.153612971E+01 0.151276659E+01 0.148979592E+01
 0.146722046E+01 0.144504298E+01 0.142326619E+01 0.140189278E+01 0.138092541E+01
 0.136036669E+01 0.134021920E+01 0.132048548E+01 0.130116803E+01 0.128226931E+01
 0.126379175E+01 0.124573771E+01 0.122810953E+01 0.121090950E+01 0.119413987E+01
 0.117780283E+01 0.116190052E+01 0.114643506E+01 0.113140849E+01 0.111682281E+01
 0.110267997E+01 0.108898187E+01 0.107573036E+01 0.106292721E+01 0.105057418E+01
 0.103867294E+01 0.102722511E+01 0.101623226E+01 0.100569589E+01 0.995617465E+00
 0.985998366E+00 0.976839926E+00 0.968143414E+00 0.959910039E+00 0.952140947E+00
 0.944837222E+00 0.937999887E+00 0.931629897E+00 0.925728149E+00 0.920295470E+00
 0.915332625E+00 0.910840314E+00 0.906819170E+00 0.903269762E+00 0.900192591E+00
 0.897588093E+00 0.895456637E+00 0.893798524E+00 0.892613990E+00 0.891903202E+00
 0.891666263E+00 0.891903204E+00 0.892613992E+00 0.893798528E+00 0.895456642E+00
 0.897588100E+00 0.900192599E+00 0.903269771E+00 0.906819180E+00 0.910840325E+00
 0.915332638E+00 0.920295484E+00 0.925728164E+00 0.931629914E+00 0.937999905E+00
 0.944837242E+00 0.952140968E+00 0.959910061E+00 0.968143437E+00 0.976839951E+00
 0.985998392E+00 0.995617492E+00 0.100569592E+01 0.101623229E+01 0.102722514E+01
 0.103867297E+01 0.105057421E+01 0.106292725E+01 0.107573039E+01 0.108898191E+01
 0.110268001E+01 0.111682285E+01 0.113140853E+01 0.114643510E+01 0.116190057E+01
 0.117780287E+01 0.119413992E+01 0.121090955E+01 0.122810958E+01 0.124573776E+01
 0.126379180E+01 0.128226936E+01 0.130116808E+01 0.132048553E+01 0.134021926E+01
 0.136036675E+01 0.138092547E+01 0.140189284E+01 0.142326625E+01 0.144504304E+01
 0.146722052E+01 0.148979598E+01 0.151276666E+01 0.153612977E+01 0.155988250E+01
 0.158402201E+01 0.160854541E+01 0.163344981E+01 0.165873228E+01 0.168438987E+01
 0.171041960E+01 0.173681846E+01 0.176358345E+01 0.179071151E+01 0.181819958E+01
 0.179244516E+01 0.176488718E+01 0.173768991E+01 0.171085643E+01 0.168438980E+01
 0.165829306E+01 0.163256922E+01 0.160722127E+01 0.158225219E+01 0.155766492E+01
 0.153346236E+01 0.150964743E+01 0.148622296E+01 0.146319181E+01 0.144055676E+01
 0.141832058E+01 0.139648602E+01 0.137505576E+01 0.135403249E+01 0.133341883E+01
 0.131321737E+01 0.129343067E+01 0.127406124E+01 0.125511156E+01 0.123658406E+01
 0.121848114E+01 0.120080512E+01 0.118355833E+01 0.116674302E+01 0.115036138E+01
 0.113441560E+01 0.111890777E+01 0.110383997E+01 0.108921420E+01 0.107503242E+01
 0.106129655E+01 0.104800844E+01 0.103516988E+01 0.102278264E+01 0.101084838E+01
 0.999368758E+00 0.988345336E+00 0.977779636E+00 0.967673115E+00 0.958027173E+00
 0.948843147E+00 0.940122315E+00 0.931865893E+00 0.924075033E+00 0.916750828E+00
 0.909894304E+00 0.903506424E+00 0.897588088E+00 0.892140131E+00 0.887163321E+00
 0.882658361E+00 0.878625891E+00 0.875066480E+00 0.871980634E+00 0.869368791E+00
 0.867231322E+00 0.865568531E+00 0.864380655E+00 0.863667861E+00 0.863430253E+00
 0.863667863E+00 0.864380657E+00 0.865568535E+00 0.867231328E+00 0.869368798E+00
 0.871980642E+00 0.875066489E+00 0.878625901E+00 0.882658373E+00 0.887163334E+00
 0.892140145E+00 0.897588104E+00 0.903506441E+00 0.909894322E+00 0.916750848E+00
 0.924075054E+00 0.931865915E+00 0.940122338E+00 0.948843172E+00 0.958027199E+00
 0.967673143E+00 0.977779665E+00 0.988345366E+00 0.999368789E+00 0.101084842E+01
 0.102278267E+01 0.103516992E+01 0.104800847E+01 0.106129659E+01 0.107503246E+01
 0.108921424E+01 0.110384001E+01 0.111890781E+01 0.113441564E+01 0.115036143E+01
 0.116674306E+01 0.118355838E+01 0.120080517E+01 0.121848119E+01 0.123658412E+01
 0.125511162E+01 0.127406130E+01 0.129343073E+01 0.131321743E+01 0.133341889E+01
 0.135403255E+01 0.137505582E+01 0.139648608E+01 0.141832064E+01 0.144055682E+01
 0.146319187E+01 0.148622303E+01 0.150964749E+01 0.153346243E+01 0.155766498E+01
 0.158225226E+01 0.160722134E+01 0.163256929E+01 0.165829313E+01 0.168438987E+01
 0.171085650E+01 0.173768998E+01 0.176488726E+01 0.179244524E+01 0.176705981E+01
 0.173943272E+01 0.171216703E+01 0.168526583E+01 0.165873221E+01 0.163256922E+01
 0.160677988E+01 0.158136720E+01 0.155633417E+01 0.153168375E+01 0.150741886E+01
 0.148354242E+01 0.146005730E+01 0.143696635E+01 0.141427237E+01 0.139197816E+01
 0.137008647E+01 0.134860001E+01 0.132752146E+01 0.130685348E+01 0.128659865E+01
 0.126675956E+01 0.124733874E+01 0.122833866E+01 0.120976179E+01 0.119161051E+01
 0.117388720E+01 0.115659416E+01 0.113973367E+01 0.112330794E+01 0.110731916E+01
 0.109176944E+01 0.107666085E+01 0.106199544E+01 0.104777515E+01 0.103400193E+01
 0.102067762E+01 0.100780405E+01 0.995382959E+00 0.983416059E+00 0.971904989E+00
 0.960851334E+00 0.950256620E+00 0.940122313E+00 0.930449821E+00 0.921240490E+00
 0.912495604E+00 0.904216387E+00 0.896403999E+00 0.889059537E+00 0.882184034E+00
 0.875778459E+00 0.869843718E+00 0.864380649E+00 0.859390026E+00 0.854872556E+00
 0.850828882E+00 0.847259578E+00 0.844165152E+00 0.841546044E+00 0.839402629E+00
 0.837735210E+00 0.836544027E+00 0.835829250E+00 0.835590980E+00 0.835829251E+00
 0.836544030E+00 0.837735214E+00 0.839402634E+00 0.841546051E+00 0.844165160E+00
 0.847259587E+00 0.850828893E+00 0.854872568E+00 0.859390039E+00 0.864380663E+00
 0.869843734E+00 0.875778476E+00 0.882184052E+00 0.889059556E+00 0.896404020E+00
 0.904216409E+00 0.912495628E+00 0.921240515E+00 0.930449847E+00 0.940122340E+00
 0.950256648E+00 0.960851364E+00 0.971905021E+00 0.983416092E+00 0.995382993E+00
 0.100780408E+01 0.102067766E+01 0.103400196E+01 0.104777519E+01 0.106199548E+01
 0.107666090E+01 0.109176948E+01 0.110731920E+01 0.112330799E+01 0.113973372E+01
 0.115659421E+01 0.117388725E+01 0.119161056E+01 0.120976184E+01 0.122833872E+01
 0.124733879E+01 0.126675962E+01 0.128659871E+01 0.130685353E+01 0.132752152E+01
 0.134860007E+01 0.137008653E+01 0.139197823E+01 0.141427243E+01 0.143696641E+01
 0.146005737E+01 0.148354249E+01 0.150741893E+01 0.153168381E+01 0.155633424E+01
 0.158136727E+01 0.160677995E+01 0.163256929E+01 0.165873229E+01 0.168526591E+01
 0.171216710E+01 0.173943279E+01 0.176705989E+01 0.174204637E+01 0.171435098E+01
 0.168701768E+01 0.166004957E+01 0.163344974E+01 0.160722127E+01 0.158136720E+01
 0.155589055E+01 0.153079432E+01 0.150608149E+01 0.148175500E+01 0.145781777E+01
 0.143427270E+01 0.141112264E+01 0.138837043E+01 0.136601886E+01 0.134407071E+01
 0.132252869E+01 0.130139551E+01 0.128067382E+01 0.126036625E+01 0.124047538E+01
 0.122100375E+01 0.120195386E+01 0.118332817E+01 0.116512911E+01 0.114735904E+01
 0.113002028E+01 0.111311513E+01 0.109664582E+01 0.108061452E+01 0.106502339E+01
 0.104987449E+01 0.103516988E+01 0.102091153E+01 0.100710137E+01 0.993741287E+00
 0.980833090E+00 0.968378549E+00 0.956379374E+00 0.944837216E+00 0.933753671E+00
 0.923130271E+00 0.912968494E+00 0.903269753E+00 0.894035404E+00 0.885266737E+00
 0.876964983E+00 0.869131310E+00 0.861766820E+00 0.854872553E+00 0.848449484E+00
 0.842498522E+00 0.837020512E+00 0.832016232E+00 0.827486394E+00 0.823431643E+00
 0.819852557E+00 0.816749647E+00 0.814123357E+00 0.811974061E+00 0.810302068E+00
 0.809107616E+00 0.808390877E+00 0.808151953E+00 0.808390878E+00 0.809107619E+00
 0.810302072E+00 0.811974067E+00 0.814123363E+00 0.816749655E+00 0.819852566E+00
 0.823431653E+00 0.827486406E+00 0.832016245E+00 0.837020526E+00 0.842498538E+00
 0.848449501E+00 0.854872571E+00 0.861766840E+00 0.869131331E+00 0.876965006E+00
 0.885266761E+00 0.894035428E+00 0.903269779E+00 0.912968521E+00 0.923130300E+00
 0.933753701E+00 0.944837248E+00 0.956379406E+00 0.968378583E+00 0.980833125E+00
 0.993741323E+00 0.100710141E+01 0.102091157E+01 0.103516992E+01 0.104987454E+01
 0.106502343E+01 0.108061457E+01 0.109664586E+01 0.111311518E+01 0.113002033E+01
 0.114735909E+01 0.116512916E+01 0.118332823E+01 0.120195391E+01 0.122100380E+01
 0.124047543E+01 0.126036631E+01 0.128067388E+01 0.130139557E+01 0.132252875E+01
 0.134407077E+01 0.136601893E+01 0.138837049E+01 0.141112271E+01 0.143427276E+01
 0.145781784E+01 0.148175507E+01 0.150608156E+01 0.153079439E+01 0.155589062E+01
 0.158136727E+01 0.160722134E+01 0.163344982E+01 0.166004964E+01 0.168701775E+01
 0.171435106E+01 0.174204645E+01 0.171740773E+01 0.168964487E+01 0.166224478E+01
 0.163521057E+01 0.160854534E+01 0.158225219E+01 0.155633417E+01 0.153079432E+01
 0.150563566E+01 0.148086117E+01 0.145647382E+01 0.143247654E+01 0.140887223E+01
 0.138566379E+01 0.136285404E+01 0.134044580E+01 0.131844185E+01 0.129684494E+01
 0.127565778E+01 0.125488303E+01 0.123452334E+01 0.121458131E+01 0.119505948E+01
 0.117596037E+01 0.115728645E+01 0.113904017E+01 0.112122389E+01 0.110383996E+01
 0.108689068E+01 0.107037829E+01 0.105430499E+01 0.103867293E+01 0.102348421E+01
 0.100874086E+01 0.994444892E+00 0.980598240E+00 0.967202792E+00 0.954260380E+00
 0.941772779E+00 0.929741708E+00 0.918168828E+00 0.907055743E+00 0.896403995E+00
 0.886215069E+00 0.876490388E+00 0.867231312E+00 0.858439143E+00 0.850115117E+00
 0.842260407E+00 0.834876124E+00 0.827963312E+00 0.821522952E+00 0.815555960E+00
 0.810063184E+00 0.805045406E+00 0.800503344E+00 0.796437645E+00 0.792848892E+00
 0.789737597E+00 0.787104208E+00 0.784949101E+00 0.783272586E+00 0.782074904E+00
 0.781356226E+00 0.781116655E+00 0.781356227E+00 0.782074906E+00 0.783272590E+00
 0.784949107E+00 0.787104215E+00 0.789737605E+00 0.792848901E+00 0.796437656E+00
 0.800503356E+00 0.805045419E+00 0.810063198E+00 0.815555976E+00 0.821522970E+00
 0.827963331E+00 0.834876144E+00 0.842260428E+00 0.850115139E+00 0.858439167E+00
 0.867231338E+00 0.876490414E+00 0.886215097E+00 0.896404024E+00 0.907055773E+00
 0.918168860E+00 0.929741740E+00 0.941772813E+00 0.954260415E+00 0.967202829E+00
 0.980598278E+00 0.994444931E+00 0.100874090E+01 0.102348425E+01 0.103867298E+01
 0.105430504E+01 0.107037834E+01 0.108689073E+01 0.110384001E+01 0.112122394E+01
 0.113904022E+01 0.115728650E+01 0.117596042E+01 0.119505953E+01 0.121458136E+01
 0.123452340E+01 0.125488309E+01 0.127565784E+01 0.129684500E+01 0.131844191E+01
 0.134044586E+01 0.136285410E+01 0.138566385E+01 0.140887230E+01 0.143247660E+01
 0.145647388E+01 0.148086124E+01 0.150563573E+01 0.153079439E+01 0.155633424E+01
 0.158225226E+01 0.160854541E+01 0.163521064E+01 0.166224485E+01 0.168964495E+01
 0.171740780E+01 0.169314674E+01 0.166531727E+01 0.163785123E+01 0.161075174E+01
 0.158402194E+01 0.155766491E+01 0.153168375E+01 0.150608149E+01 0.148086117E+01
 0.145602579E+01 0.143157833E+01 0.140752175E+01 0.138385895E+01 0.136059284E+01
 0.133772626E+01 0.131526205E+01 0.129320301E+01 0.127155189E+01 0.125031141E+01
 0.122948426E+01 0.120907309E+01 0.118908052E+01 0.116950911E+01 0.115036138E+01
 0.113163983E+01 0.111334690E+01 0.109548499E+01 0.107805644E+01 0.106106357E+01
 0.104450864E+01 0.102839384E+01 0.101272136E+01 0.997493280E+00 0.982711675E+00
 0.968378546E+00 0.954495844E+00 0.941065467E+00 0.928089256E+00 0.915568996E+00
 0.903506416E+00 0.891903187E+00 0.880760921E+00 0.870081169E+00 0.859865423E+00
 0.850115115E+00 0.840831614E+00 0.832016227E+00 0.823670197E+00 0.815794705E+00
 0.808390868E+00 0.801459736E+00 0.795002294E+00 0.789019465E+00 0.783512100E+00
 0.778480989E+00 0.773926849E+00 0.769850335E+00 0.766252031E+00 0.763132453E+00
 0.760492050E+00 0.758331202E+00 0.756650220E+00 0.755449346E+00 0.754728752E+00
 0.754488543E+00 0.754728754E+00 0.755449349E+00 0.756650224E+00 0.758331208E+00
 0.760492057E+00 0.763132461E+00 0.766252040E+00 0.769850345E+00 0.773926861E+00
 0.778481002E+00 0.783512115E+00 0.789019481E+00 0.795002312E+00 0.801459754E+00
 0.808390888E+00 0.815794727E+00 0.823670219E+00 0.832016250E+00 0.840831639E+00
 0.850115141E+00 0.859865451E+00 0.870081197E+00 0.880760951E+00 0.891903219E+00
 0.903506449E+00 0.915569030E+00 0.928089291E+00 0.941065503E+00 0.954495882E+00
 0.968378585E+00 0.982711716E+00 0.997493322E+00 0.101272140E+01 0.102839389E+01
 0.104450868E+01 0.106106362E+01 0.107805649E+01 0.109548504E+01 0.111334695E+01
 0.113163988E+01 0.115036143E+01 0.116950916E+01 0.118908057E+01 0.120907315E+01
 0.122948432E+01 0.125031147E+01 0.127155194E+01 0.129320307E+01 0.131526212E+01
 0.133772632E+01 0.136059290E+01 0.138385902E+01 0.140752181E+01 0.143157840E+01
 0.145602586E+01 0.148086124E+01 0.150608156E+01 0.153168382E+01 0.155766499E+01
 0.158402201E+01 0.161075182E+01 0.163785130E+01 0.166531735E+01 0.169314682E+01
 0.166926626E+01 0.164137104E+01 0.161383990E+01 0.158667598E+01 0.155988243E+01
 0.153346236E+01 0.150741886E+01 0.148175500E+01 0.145647382E+01 0.143157833E+01
 0.140707155E+01 0.138295641E+01 0.135923587E+01 0.133591283E+01 0.131299016E+01
 0.129047070E+01 0.126835726E+01 0.124665261E+01 0.122535950E+01 0.120448061E+01
 0.118401863E+01 0.116397616E+01 0.114435579E+01 0.112516007E+01 0.110639149E+01
 0.108805250E+01 0.107014553E+01 0.105267293E+01 0.103563702E+01 0.101904008E+01
 0.100288432E+01 0.987171912E+00 0.971904984E+00 0.957085601E+00 0.942715779E+00
 0.928797481E+00 0.915332613E+00 0.902323027E+00 0.889770519E+00 0.877676827E+00
 0.866043629E+00 0.854872547E+00 0.844165141E+00 0.833922912E+00 0.824147299E+00
 0.814839677E+00 0.806001362E+00 0.797633604E+00 0.789737591E+00 0.782314443E+00
 0.775365219E+00 0.768890910E+00 0.762892441E+00 0.757370671E+00 0.752326391E+00
 0.747760325E+00 0.743673130E+00 0.740065394E+00 0.736937636E+00 0.734290307E+00
 0.732123790E+00 0.730438396E+00 0.729234370E+00 0.728511885E+00 0.728271045E+00
 0.728511886E+00 0.729234373E+00 0.730438400E+00 0.732123795E+00 0.734290314E+00
 0.736937644E+00 0.740065403E+00 0.743673141E+00 0.747760337E+00 0.752326404E+00
 0.757370685E+00 0.762892457E+00 0.768890927E+00 0.775365238E+00 0.782314463E+00
 0.789737612E+00 0.797633627E+00 0.806001386E+00 0.814839702E+00 0.824147325E+00
 0.833922940E+00 0.844165170E+00 0.854872577E+00 0.866043661E+00 0.877676860E+00
 0.889770553E+00 0.902323063E+00 0.915332650E+00 0.928797519E+00 0.942715819E+00
 0.957085642E+00 0.971905026E+00 0.987171955E+00 0.100288436E+01 0.101904012E+01
 0.103563707E+01 0.105267298E+01 0.107014558E+01 0.108805255E+01 0.110639154E+01
 0.112516012E+01 0.114435585E+01 0.116397621E+01 0.118401868E+01 0.120448067E+01
 0.122535955E+01 0.124665267E+01 0.126835732E+01 0.129047076E+01 0.131299022E+01
 0.133591289E+01 0.135923594E+01 0.138295648E+01 0.140707161E+01 0.143157840E+01
 0.145647388E+01 0.148175507E+01 0.150741893E+01 0.153346243E+01 0.155988251E+01
 0.158667606E+01 0.161383997E+01 0.164137112E+01 0.166926634E+01 0.164576909E+01
 0.161780900E+01 0.159021363E+01 0.156298614E+01 0.153612970E+01 0.150964742E+01
 0.148354242E+01 0.145781777E+01 0.143247653E+01 0.140752175E+01 0.138295641E+01
 0.135878351E+01 0.133500599E+01 0.131162677E+01 0.128864874E+01 0.126607476E+01
 0.124390764E+01 0.122215018E+01 0.120080512E+01 0.117987518E+01 0.115936304E+01
 0.113927134E+01 0.111960266E+01 0.110035957E+01 0.108154457E+01 0.106316014E+01
 0.104520869E+01 0.102769261E+01 0.101061423E+01 0.993975823E+00 0.977779628E+00
 0.962027828E+00 0.946722553E+00 0.931865883E+00 0.917459846E+00 0.903506414E+00
 0.890007503E+00 0.876964977E+00 0.864380639E+00 0.852256237E+00 0.840593459E+00
 0.829393935E+00 0.818659234E+00 0.808390864E+00 0.798590272E+00 0.789258842E+00
 0.780397896E+00 0.772008691E+00 0.764092420E+00 0.756650212E+00 0.749683130E+00
 0.743192170E+00 0.737178264E+00 0.731642273E+00 0.726584995E+00 0.722007157E+00
 0.717909419E+00 0.714292372E+00 0.711156540E+00 0.708502374E+00 0.706330260E+00
 0.704640512E+00 0.703433374E+00 0.702709022E+00 0.702467560E+00 0.702709023E+00
 0.703433377E+00 0.704640516E+00 0.706330266E+00 0.708502381E+00 0.711156548E+00
 0.714292382E+00 0.717909429E+00 0.722007169E+00 0.726585008E+00 0.731642288E+00
 0.737178280E+00 0.743192188E+00 0.749683149E+00 0.756650232E+00 0.764092441E+00
 0.772008713E+00 0.780397920E+00 0.789258867E+00 0.798590298E+00 0.808390892E+00
 0.818659263E+00 0.829393965E+00 0.840593491E+00 0.852256270E+00 0.864380673E+00
 0.876965012E+00 0.890007540E+00 0.903506452E+00 0.917459886E+00 0.931865924E+00
 0.946722595E+00 0.962027871E+00 0.977779673E+00 0.993975869E+00 0.101061428E+01
 0.102769266E+01 0.104520874E+01 0.106316019E+01 0.108154462E+01 0.110035962E+01
 0.111960271E+01 0.113927139E+01 0.115936310E+01 0.117987524E+01 0.120080518E+01
 0.122215024E+01 0.124390770E+01 0.126607482E+01 0.128864880E+01 0.131162684E+01
 0.133500606E+01 0.135878358E+01 0.138295648E+01 0.140752182E+01 0.143247660E+01
 0.145781784E+01 0.148354249E+01 0.150964750E+01 0.153612978E+01 0.156298622E+01
 0.159021370E+01 0.161780907E+01 0.164576916E+01 0.162265801E+01 0.159463394E+01
 0.156697523E+01 0.153968506E+01 0.151276659E+01 0.148622296E+01 0.146005730E+01
 0.143427270E+01 0.140887223E+01 0.138385895E+01 0.135923587E+01 0.133500599E+01
 0.131117227E+01 0.128773764E+01 0.126470501E+01 0.124207724E+01 0.121985718E+01
 0.119804762E+01 0.117665132E+01 0.115567103E+01 0.113510941E+01 0.111496914E+01
 0.109525280E+01 0.107596298E+01 0.105710220E+01 0.103867293E+01 0.102067761E+01
 0.100311864E+01 0.985998356E+00 0.969319048E+00 0.953082964E+00 0.937292297E+00
 0.921949192E+00 0.907055737E+00 0.892613971E+00 0.878625877E+00 0.865093381E+00
 0.852018355E+00 0.839402614E+00 0.827247914E+00 0.815555952E+00 0.804328367E+00
 0.793566735E+00 0.783272574E+00 0.773447338E+00 0.764092418E+00 0.755209143E+00
 0.746798777E+00 0.738862520E+00 0.731401506E+00 0.724416803E+00 0.717909415E+00
 0.711880277E+00 0.706330256E+00 0.701260152E+00 0.696670699E+00 0.692562558E+00
 0.688936326E+00 0.685792526E+00 0.683131615E+00 0.680953979E+00 0.679259934E+00
 0.678049726E+00 0.677323531E+00 0.677081455E+00 0.677323533E+00 0.678049729E+00
 0.679259938E+00 0.680953984E+00 0.683131622E+00 0.685792534E+00 0.688936335E+00
 0.692562569E+00 0.696670711E+00 0.701260166E+00 0.706330271E+00 0.711880293E+00
 0.717909433E+00 0.724416822E+00 0.731401526E+00 0.738862541E+00 0.746798800E+00
 0.755209167E+00 0.764092443E+00 0.773447365E+00 0.783272602E+00 0.793566765E+00
 0.804328397E+00 0.815555984E+00 0.827247947E+00 0.839402648E+00 0.852018391E+00
 0.865093418E+00 0.878625915E+00 0.892614011E+00 0.907055778E+00 0.921949234E+00
 0.937292341E+00 0.953083008E+00 0.969319094E+00 0.985998403E+00 0.100311869E+01
 0.102067766E+01 0.103867298E+01 0.105710225E+01 0.107596303E+01 0.109525286E+01
 0.111496919E+01 0.113510947E+01 0.115567108E+01 0.117665138E+01 0.119804768E+01
 0.121985724E+01 0.124207731E+01 0.126470507E+01 0.128773770E+01 0.131117233E+01
 0.133500606E+01 0.135923594E+01 0.138385902E+01 0.140887230E+01 0.143427277E+01
 0.146005737E+01 0.148622303E+01 0.151276666E+01 0.153968513E+01 0.156697531E+01
 0.159463402E+01 0.162265808E+01 0.159993578E+01 0.157184865E+01 0.154412750E+01
 0.151677553E+01 0.148979591E+01 0.146319180E+01 0.143696634E+01 0.141112264E+01
 0.138566378E+01 0.136059283E+01 0.133591283E+01 0.131162677E+01 0.128773764E+01
 0.126424838E+01 0.124116192E+01 0.121848113E+01 0.119620886E+01 0.117434794E+01
 0.115290112E+01 0.113187117E+01 0.111126078E+01 0.109107261E+01 0.107130929E+01
 0.105197339E+01 0.103306746E+01 0.101459398E+01 0.996555409E+00 0.978954143E+00
 0.961792537E+00 0.945072896E+00 0.928797478E+00 0.912968486E+00 0.897588075E+00
 0.882658347E+00 0.868181348E+00 0.854159072E+00 0.840593456E+00 0.827486382E+00
 0.814839672E+00 0.802655094E+00 0.790934352E+00 0.779679093E+00 0.768890904E+00
 0.758571308E+00 0.748721768E+00 0.739343682E+00 0.730438386E+00 0.722007151E+00
 0.714051183E+00 0.706571623E+00 0.699569543E+00 0.693045953E+00 0.687001793E+00
 0.681437934E+00 0.676355183E+00 0.671754273E+00 0.667635874E+00 0.664000581E+00
 0.660848924E+00 0.658181360E+00 0.655998278E+00 0.654299996E+00 0.653086760E+00
 0.652358748E+00 0.652116066E+00 0.652358750E+00 0.653086763E+00 0.654300000E+00
 0.655998283E+00 0.658181367E+00 0.660848932E+00 0.664000591E+00 0.667635884E+00
 0.671754286E+00 0.676355196E+00 0.681437949E+00 0.687001809E+00 0.693045971E+00
 0.699569562E+00 0.706571643E+00 0.714051205E+00 0.722007174E+00 0.730438410E+00
 0.739343708E+00 0.748721795E+00 0.758571336E+00 0.768890933E+00 0.779679124E+00
 0.790934384E+00 0.802655127E+00 0.814839707E+00 0.827486418E+00 0.840593493E+00
 0.854159110E+00 0.868181388E+00 0.882658388E+00 0.897588117E+00 0.912968529E+00
 0.928797522E+00 0.945072942E+00 0.961792584E+00 0.978954191E+00 0.996555458E+00
 0.101459403E+01 0.103306751E+01 0.105197344E+01 0.107130934E+01 0.109107267E+01
 0.111126084E+01 0.113187123E+01 0.115290118E+01 0.117434800E+01 0.119620892E+01
 0.121848119E+01 0.124116198E+01 0.126424845E+01 0.128773771E+01 0.131162684E+01
 0.133591289E+01 0.136059290E+01 0.138566385E+01 0.141112271E+01 0.143696641E+01
 0.146319188E+01 0.148979598E+01 0.151677560E+01 0.154412758E+01 0.157184873E+01
 0.159993585E+01 0.157760512E+01 0.154945586E+01 0.152167319E+01 0.149426032E+01
 0.146722045E+01 0.144055675E+01 0.141427237E+01 0.138837043E+01 0.136285403E+01
 0.133772626E+01 0.131299015E+01 0.128864874E+01 0.126470501E+01 0.124116192E+01
 0.121802240E+01 0.119528936E+01 0.117296565E+01 0.115105410E+01 0.112955750E+01
 0.110847861E+01 0.108782015E+01 0.106758478E+01 0.104777515E+01 0.102839384E+01
 0.100944341E+01 0.990926361E+00 0.972845155E+00 0.955202203E+00 0.937999872E+00
 0.921240479E+00 0.904926291E+00 0.889059525E+00 0.873642345E+00 0.858676862E+00
 0.844165136E+00 0.830109169E+00 0.816510907E+00 0.803372243E+00 0.790695009E+00
 0.778480979E+00 0.766731868E+00 0.755449332E+00 0.744634964E+00 0.734290297E+00
 0.724416799E+00 0.715015878E+00 0.706088876E+00 0.697637070E+00 0.689661672E+00
 0.682163828E+00 0.675144620E+00 0.668605058E+00 0.662546090E+00 0.656968591E+00
 0.651873371E+00 0.647261169E+00 0.643132656E+00 0.639488433E+00 0.636329029E+00
 0.633654908E+00 0.631466457E+00 0.629763997E+00 0.628547777E+00 0.627817974E+00
 0.627574695E+00 0.627817975E+00 0.628547780E+00 0.629764001E+00 0.631466462E+00
 0.633654914E+00 0.636329038E+00 0.639488442E+00 0.643132667E+00 0.647261181E+00
 0.651873385E+00 0.656968606E+00 0.662546106E+00 0.668605076E+00 0.675144638E+00
 0.682163848E+00 0.689661693E+00 0.697637092E+00 0.706088900E+00 0.715015904E+00
 0.724416826E+00 0.734290325E+00 0.744634993E+00 0.755449363E+00 0.766731900E+00
 0.778481012E+00 0.790695043E+00 0.803372279E+00 0.816510944E+00 0.830109207E+00
 0.844165176E+00 0.858676903E+00 0.873642387E+00 0.889059568E+00 0.904926336E+00
 0.921240525E+00 0.937999919E+00 0.955202251E+00 0.972845204E+00 0.990926412E+00
 0.100944346E+01 0.102839389E+01 0.104777520E+01 0.106758484E+01 0.108782020E+01
 0.110847867E+01 0.112955756E+01 0.115105416E+01 0.117296571E+01 0.119528942E+01
 0.121802247E+01 0.124116198E+01 0.126470507E+01 0.128864881E+01 0.131299022E+01
 0.133772633E+01 0.136285410E+01 0.138837050E+01 0.141427244E+01 0.144055682E+01
 0.146722053E+01 0.149426040E+01 0.152167326E+01 0.154945593E+01 0.157760520E+01
 0.155566873E+01 0.152745827E+01 0.149961501E+01 0.147214218E+01 0.144504297E+01
 0.141832057E+01 0.139197816E+01 0.136601886E+01 0.134044579E+01 0.131526205E+01
 0.129047069E+01 0.126607475E+01 0.124207724E+01 0.121848113E+01 0.119528936E+01
 0.117250484E+01 0.115013046E+01 0.112816904E+01 0.110662341E+01 0.108549631E+01
 0.106479049E+01 0.104450863E+01 0.102465338E+01 0.100522734E+01 0.986233075E+00
 0.967673104E+00 0.949549897E+00 0.931865879E+00 0.914623429E+00 0.897824874E+00
 0.881472492E+00 0.865568512E+00 0.850115107E+00 0.835114401E+00 0.820568461E+00
 0.806479301E+00 0.792848878E+00 0.779679091E+00 0.766971782E+00 0.754728736E+00
 0.742951676E+00 0.731642265E+00 0.720802105E+00 0.710432736E+00 0.700535635E+00
 0.691112215E+00 0.682163826E+00 0.673691752E+00 0.665697210E+00 0.658181353E+00
 0.651145267E+00 0.644589970E+00 0.638516411E+00 0.632925473E+00 0.627817968E+00
 0.623194639E+00 0.619056162E+00 0.615403138E+00 0.612236104E+00 0.609555520E+00
 0.607361779E+00 0.605655204E+00 0.604436043E+00 0.603704475E+00 0.603460607E+00
 0.603704476E+00 0.604436045E+00 0.605655208E+00 0.607361785E+00 0.609555527E+00
 0.612236112E+00 0.615403148E+00 0.619056172E+00 0.623194652E+00 0.627817981E+00
 0.632925488E+00 0.638516428E+00 0.644589988E+00 0.651145286E+00 0.658181374E+00
 0.665697231E+00 0.673691774E+00 0.682163850E+00 0.691112241E+00 0.700535662E+00
 0.710432764E+00 0.720802135E+00 0.731642296E+00 0.742951708E+00 0.754728770E+00
 0.766971817E+00 0.779679127E+00 0.792848915E+00 0.806479340E+00 0.820568501E+00
 0.835114442E+00 0.850115149E+00 0.865568555E+00 0.881472537E+00 0.897824920E+00
 0.914623476E+00 0.931865928E+00 0.949549946E+00 0.967673155E+00 0.986233127E+00
 0.100522739E+01 0.102465343E+01 0.104450869E+01 0.106479055E+01 0.108549637E+01
 0.110662347E+01 0.112816911E+01 0.115013052E+01 0.117250491E+01 0.119528942E+01
 0.121848119E+01 0.124207731E+01 0.126607482E+01 0.129047076E+01 0.131526212E+01
 0.134044586E+01 0.136601893E+01 0.139197823E+01 0.141832065E+01 0.144504304E+01
 0.147214225E+01 0.149961509E+01 0.152745835E+01 0.155566880E+01 0.153412926E+01
 0.150585857E+01 0.147795567E+01 0.145042380E+01 0.142326618E+01 0.139648601E+01
 0.137008647E+01 0.134407070E+01 0.131844185E+01 0.129320300E+01 0.126835725E+01
 0.124390764E+01 0.121985718E+01 0.119620886E+01 0.117296565E+01 0.115013046E+01
 0.112770618E+01 0.110569568E+01 0.108410176E+01 0.106292720E+01 0.104217476E+01
 0.102184712E+01 0.100194695E+01 0.982476865E+00 0.963439441E+00 0.944837207E+00
 0.926672645E+00 0.908948193E+00 0.891666239E+00 0.874829122E+00 0.858439133E+00
 0.842498508E+00 0.827009434E+00 0.811974043E+00 0.797394414E+00 0.783272569E+00
 0.769610475E+00 0.756410041E+00 0.743673118E+00 0.731401499E+00 0.719596916E+00
 0.708261040E+00 0.697395481E+00 0.687001787E+00 0.677081442E+00 0.667635866E+00
 0.658666416E+00 0.650174382E+00 0.642160988E+00 0.634627392E+00 0.627574685E+00
 0.621003891E+00 0.614915964E+00 0.609311791E+00 0.604192187E+00 0.599557901E+00
 0.595409610E+00 0.591747921E+00 0.588573370E+00 0.585886423E+00 0.583687473E+00
 0.581976844E+00 0.580754787E+00 0.580021481E+00 0.579777034E+00 0.580021482E+00
 0.580754789E+00 0.581976848E+00 0.583687479E+00 0.585886430E+00 0.588573378E+00
 0.591747931E+00 0.595409621E+00 0.599557913E+00 0.604192201E+00 0.609311805E+00
 0.614915980E+00 0.621003909E+00 0.627574704E+00 0.634627412E+00 0.642161009E+00
 0.650174405E+00 0.658666440E+00 0.667635892E+00 0.677081469E+00 0.687001815E+00
 0.697395510E+00 0.708261070E+00 0.719596948E+00 0.731401532E+00 0.743673153E+00
 0.756410077E+00 0.769610512E+00 0.783272608E+00 0.797394454E+00 0.811974085E+00
 0.827009476E+00 0.842498552E+00 0.858439178E+00 0.874829168E+00 0.891666286E+00
 0.908948241E+00 0.926672695E+00 0.944837258E+00 0.963439493E+00 0.982476918E+00
 0.100194700E+01 0.102184717E+01 0.104217481E+01 0.106292726E+01 0.108410182E+01
 0.110569574E+01 0.112770624E+01 0.115013052E+01 0.117296571E+01 0.119620893E+01
 0.121985724E+01 0.124390770E+01 0.126835732E+01 0.129320307E+01 0.131844192E+01
 0.134407077E+01 0.137008654E+01 0.139648608E+01 0.142326625E+01 0.145042388E+01
 0.147795575E+01 0.150585865E+01 0.153412934E+01 0.151298935E+01 0.148465939E+01
 0.145669782E+01 0.142910787E+01 0.140189277E+01 0.137505576E+01 0.134860000E+01
 0.132252868E+01 0.129684494E+01 0.127155188E+01 0.124665261E+01 0.122215017E+01
 0.119804761E+01 0.117434793E+01 0.115105410E+01 0.112816904E+01 0.110569568E+01
 0.108363686E+01 0.106199543E+01 0.104077417E+01 0.101997584E+01 0.999603155E+00
 0.979658783E+00 0.960145356E+00 0.941065459E+00 0.922421633E+00 0.904216373E+00
 0.886452128E+00 0.869131297E+00 0.852256230E+00 0.835829228E+00 0.819852540E+00
 0.804328361E+00 0.789258834E+00 0.774646048E+00 0.760492034E+00 0.746798769E+00
 0.733568172E+00 0.720802102E+00 0.708502361E+00 0.696670689E+00 0.685308765E+00
 0.674418208E+00 0.664000572E+00 0.654057349E+00 0.644589966E+00 0.635599786E+00
 0.627088106E+00 0.619056156E+00 0.611505100E+00 0.604436035E+00 0.597849987E+00
 0.591747918E+00 0.586130717E+00 0.580999205E+00 0.576354134E+00 0.572196183E+00
 0.568525964E+00 0.565344016E+00 0.562650804E+00 0.560446727E+00 0.558732108E+00
 0.557507200E+00 0.556772184E+00 0.556527166E+00 0.556772185E+00 0.557507203E+00
 0.558732112E+00 0.560446733E+00 0.562650811E+00 0.565344024E+00 0.568525974E+00
 0.572196194E+00 0.576354146E+00 0.580999218E+00 0.586130731E+00 0.591747934E+00
 0.597850005E+00 0.604436054E+00 0.611505121E+00 0.619056178E+00 0.627088129E+00
 0.635599811E+00 0.644589992E+00 0.654057376E+00 0.664000600E+00 0.674418237E+00
 0.685308796E+00 0.696670721E+00 0.708502395E+00 0.720802137E+00 0.733568208E+00
 0.746798807E+00 0.760492073E+00 0.774646088E+00 0.789258875E+00 0.804328403E+00
 0.819852583E+00 0.835829273E+00 0.852256276E+00 0.869131344E+00 0.886452177E+00
 0.904216423E+00 0.922421684E+00 0.941065511E+00 0.960145410E+00 0.979658838E+00
 0.999603211E+00 0.101997590E+01 0.104077423E+01 0.106199549E+01 0.108363692E+01
 0.110569574E+01 0.112816911E+01 0.115105416E+01 0.117434800E+01 0.119804768E+01
 0.122215024E+01 0.124665267E+01 0.127155195E+01 0.129684501E+01 0.132252876E+01
 0.134860008E+01 0.137505583E+01 0.140189285E+01 0.142910794E+01 0.145669789E+01
 0.148465947E+01 0.151298943E+01 0.149225158E+01 0.146386335E+01 0.143584407E+01
 0.140819701E+01 0.138092540E+01 0.135403248E+01 0.132752146E+01 0.130139550E+01
 0.127565777E+01 0.125031140E+01 0.122535949E+01 0.120080512E+01 0.117665132E+01
 0.115290112E+01 0.112955750E+01 0.110662341E+01 0.108410175E+01 0.106199543E+01
 0.104030726E+01 0.101904007E+01 0.998196616E+00 0.977779622E+00 0.957791776E+00
 0.938235717E+00 0.919114043E+00 0.900429308E+00 0.882184018E+00 0.864380632E+00
 0.847021560E+00 0.830109165E+00 0.813645756E+00 0.797633594E+00 0.782074884E+00
 0.766971779E+00 0.752326377E+00 0.738140721E+00 0.724416794E+00 0.711156526E+00
 0.698361784E+00 0.686034379E+00 0.674176059E+00 0.662788512E+00 0.651873363E+00
 0.641432175E+00 0.631466446E+00 0.621977611E+00 0.612967039E+00 0.604436033E+00
 0.596385829E+00 0.588817596E+00 0.581732437E+00 0.575131384E+00 0.569015402E+00
 0.563385385E+00 0.558242158E+00 0.553586477E+00 0.549419024E+00 0.545740414E+00
 0.542551187E+00 0.539851814E+00 0.537642692E+00 0.535924148E+00 0.534696436E+00
 0.533959736E+00 0.533714158E+00 0.533959737E+00 0.534696438E+00 0.535924152E+00
 0.537642697E+00 0.539851820E+00 0.542551195E+00 0.545740423E+00 0.549419035E+00
 0.553586489E+00 0.558242172E+00 0.563385400E+00 0.569015418E+00 0.575131402E+00
 0.581732456E+00 0.588817616E+00 0.596385850E+00 0.604436056E+00 0.612967063E+00
 0.621977637E+00 0.631466473E+00 0.641432203E+00 0.651873393E+00 0.662788543E+00
 0.674176091E+00 0.686034413E+00 0.698361819E+00 0.711156562E+00 0.724416832E+00
 0.738140759E+00 0.752326417E+00 0.766971820E+00 0.782074926E+00 0.797633638E+00
 0.813645801E+00 0.830109211E+00 0.847021608E+00 0.864380680E+00 0.882184068E+00
 0.900429360E+00 0.919114096E+00 0.938235770E+00 0.957791831E+00 0.977779678E+00
 0.998196673E+00 0.101904013E+01 0.104030732E+01 0.106199549E+01 0.108410182E+01
 0.110662347E+01 0.112955756E+01 0.115290119E+01 0.117665139E+01 0.120080518E+01
 0.122535956E+01 0.125031147E+01 0.127565784E+01 0.130139557E+01 0.132752153E+01
 0.135403256E+01 0.138092548E+01 0.140819708E+01 0.143584415E+01 0.146386343E+01
 0.149225166E+01 0.147191851E+01 0.144347302E+01 0.141539703E+01 0.138769383E+01
 0.136036668E+01 0.133341882E+01 0.130685347E+01 0.128067381E+01 0.125488303E+01
 0.122948425E+01 0.120448061E+01 0.117987518E+01 0.115567102E+01 0.113187117E+01
 0.110847861E+01 0.108549631E+01 0.106292720E+01 0.104077417E+01 0.101904007E+01
 0.997727725E+00 0.976839910E+00 0.956379362E+00 0.936348778E+00 0.916750811E+00
 0.897588070E+00 0.878863119E+00 0.860578476E+00 0.842736612E+00 0.825339947E+00
 0.808390855E+00 0.791891655E+00 0.775844618E+00 0.760251961E+00 0.745115845E+00
 0.730438378E+00 0.716221612E+00 0.702467541E+00 0.689178102E+00 0.676355172E+00
 0.664000569E+00 0.652116050E+00 0.640703311E+00 0.629763984E+00 0.619299640E+00
 0.609311784E+00 0.599801858E+00 0.590771236E+00 0.582221228E+00 0.574153077E+00
 0.566567956E+00 0.559466974E+00 0.552851167E+00 0.546721506E+00 0.541078888E+00
 0.535924143E+00 0.531258030E+00 0.527081234E+00 0.523394373E+00 0.520197990E+00
 0.517492558E+00 0.515278477E+00 0.513556074E+00 0.512325604E+00 0.511587249E+00
 0.511341119E+00 0.511587250E+00 0.512325606E+00 0.513556078E+00 0.515278482E+00
 0.517492565E+00 0.520197998E+00 0.523394382E+00 0.527081245E+00 0.531258042E+00
 0.535924157E+00 0.541078903E+00 0.546721522E+00 0.552851185E+00 0.559466993E+00
 0.566567977E+00 0.574153098E+00 0.582221251E+00 0.590771260E+00 0.599801884E+00
 0.609311811E+00 0.619299669E+00 0.629764014E+00 0.640703342E+00 0.652116082E+00
 0.664000603E+00 0.676355207E+00 0.689178138E+00 0.702467579E+00 0.716221651E+00
 0.730438418E+00 0.745115886E+00 0.760252004E+00 0.775844662E+00 0.791891700E+00
 0.808390901E+00 0.825339995E+00 0.842736661E+00 0.860578527E+00 0.878863171E+00
 0.897588123E+00 0.916750865E+00 0.936348833E+00 0.956379418E+00 0.976839967E+00
 0.997727784E+00 0.101904013E+01 0.104077423E+01 0.106292726E+01 0.108549637E+01
 0.110847867E+01 0.113187123E+01 0.115567109E+01 0.117987525E+01 0.120448068E+01
 0.122948432E+01 0.125488310E+01 0.128067389E+01 0.130685354E+01 0.133341890E+01
 0.136036676E+01 0.138769391E+01 0.141539711E+01 0.144347310E+01 0.147191859E+01
 0.145199267E+01 0.142349092E+01 0.139535923E+01 0.136760090E+01 0.134021919E+01
 0.131321736E+01 0.128659864E+01 0.126036624E+01 0.123452334E+01 0.120907309E+01
 0.118401862E+01 0.115936304E+01 0.113510941E+01 0.111126077E+01 0.108782014E+01
 0.106479049E+01 0.104217475E+01 0.101997584E+01 0.998196614E+00 0.976839909E+00
 0.955908513E+00 0.935405175E+00 0.915332604E+00 0.895693463E+00 0.876490374E+00
 0.857725912E+00 0.839402606E+00 0.821522937E+00 0.804089336E+00 0.787104188E+00
 0.770569823E+00 0.754488521E+00 0.738862509E+00 0.723693958E+00 0.708984986E+00
 0.694737653E+00 0.680953963E+00 0.667635861E+00 0.654785233E+00 0.642403906E+00
 0.630493644E+00 0.619056152E+00 0.608093068E+00 0.597605971E+00 0.587596372E+00
 0.578065721E+00 0.569015398E+00 0.560446718E+00 0.552360931E+00 0.544759216E+00
 0.537642685E+00 0.531012381E+00 0.524869278E+00 0.519214278E+00 0.514048215E+00
 0.509371850E+00 0.505185873E+00 0.501490904E+00 0.498287490E+00 0.495576104E+00
 0.493357149E+00 0.491630954E+00 0.490397774E+00 0.489657793E+00 0.489411121E+00
 0.489657795E+00 0.490397777E+00 0.491630958E+00 0.493357155E+00 0.495576111E+00
 0.498287498E+00 0.501490914E+00 0.505185884E+00 0.509371862E+00 0.514048228E+00
 0.519214293E+00 0.524869294E+00 0.531012399E+00 0.537642704E+00 0.544759236E+00
 0.552360953E+00 0.560446741E+00 0.569015422E+00 0.578065746E+00 0.587596399E+00
 0.597605999E+00 0.608093098E+00 0.619056183E+00 0.630493677E+00 0.642403940E+00
 0.654785268E+00 0.667635897E+00 0.680954000E+00 0.694737692E+00 0.708985026E+00
 0.723694000E+00 0.738862552E+00 0.754488565E+00 0.770569868E+00 0.787104235E+00
 0.804089384E+00 0.821522986E+00 0.839402656E+00 0.857725964E+00 0.876490427E+00
 0.895693517E+00 0.915332659E+00 0.935405231E+00 0.955908570E+00 0.976839968E+00
 0.998196674E+00 0.101997590E+01 0.104217482E+01 0.106479055E+01 0.108782021E+01
 0.111126084E+01 0.113510948E+01 0.115936311E+01 0.118401869E+01 0.120907316E+01
 0.123452341E+01 0.126036631E+01 0.128659872E+01 0.131321744E+01 0.134021927E+01
 0.136760098E+01 0.139535931E+01 0.142349100E+01 0.145199275E+01 0.143247653E+01
 0.140391956E+01 0.137573320E+01 0.134792074E+01 0.132048547E+01 0.129343066E+01
 0.126675955E+01 0.124047537E+01 0.121458130E+01 0.118908051E+01 0.116397615E+01
 0.113927133E+01 0.111496913E+01 0.109107261E+01 0.106758478E+01 0.104450863E+01
 0.102184711E+01 0.999603152E+00 0.977779620E+00 0.956379361E+00 0.935405174E+00
 0.914859823E+00 0.894746025E+00 0.875066457E+00 0.855823751E+00 0.837020493E+00
 0.818659223E+00 0.800742432E+00 0.783272564E+00 0.766252012E+00 0.749683117E+00
 0.733568168E+00 0.717909403E+00 0.702709002E+00 0.687969092E+00 0.673691743E+00
 0.659878968E+00 0.646532720E+00 0.633654893E+00 0.621247323E+00 0.609311782E+00
 0.597849980E+00 0.586863567E+00 0.576354125E+00 0.566323176E+00 0.556772171E+00
 0.547702501E+00 0.539115486E+00 0.531012379E+00 0.523394367E+00 0.516262567E+00
 0.509618026E+00 0.503461722E+00 0.497794562E+00 0.492617383E+00 0.487930951E+00
 0.483735958E+00 0.480033027E+00 0.476822707E+00 0.474105474E+00 0.471881733E+00
 0.470151813E+00 0.468915972E+00 0.468174395E+00 0.467927190E+00 0.468174396E+00
 0.468915975E+00 0.470151817E+00 0.471881738E+00 0.474105481E+00 0.476822715E+00
 0.480033037E+00 0.483735969E+00 0.487930963E+00 0.492617397E+00 0.497794577E+00
 0.503461738E+00 0.509618044E+00 0.516262586E+00 0.523394388E+00 0.531012401E+00
 0.539115509E+00 0.547702525E+00 0.556772197E+00 0.566323203E+00 0.576354154E+00
 0.586863597E+00 0.597850012E+00 0.609311814E+00 0.621247357E+00 0.633654928E+00
 0.646532756E+00 0.659879006E+00 0.673691782E+00 0.687969133E+00 0.702709044E+00
 0.717909446E+00 0.733568212E+00 0.749683162E+00 0.766252058E+00 0.783272612E+00
 0.800742482E+00 0.818659273E+00 0.837020545E+00 0.855823804E+00 0.875066511E+00
 0.894746080E+00 0.914859879E+00 0.935405232E+00 0.956379419E+00 0.977779680E+00
 0.999603213E+00 0.102184718E+01 0.104450869E+01 0.106758484E+01 0.109107267E+01
 0.111496920E+01 0.113927140E+01 0.116397622E+01 0.118908058E+01 0.121458137E+01
 0.124047544E+01 0.126675963E+01 0.129343074E+01 0.132048555E+01 0.134792081E+01
 0.137573327E+01 0.140391964E+01 0.143247661E+01 0.141337254E+01 0.138476140E+01
 0.135652139E+01 0.132865583E+01 0.130116802E+01 0.127406123E+01 0.124733873E+01
 0.122100374E+01 0.119505947E+01 0.116950910E+01 0.114435578E+01 0.111960265E+01
 0.109525280E+01 0.107130928E+01 0.104777514E+01 0.102465337E+01 0.100194694E+01
 0.979658780E+00 0.957791773E+00 0.936348776E+00 0.915332602E+00 0.894746025E+00
 0.874591773E+00 0.854872535E+00 0.835590953E+00 0.816749625E+00 0.798351101E+00
 0.780397883E+00 0.762892425E+00 0.745837130E+00 0.729234349E+00 0.713086382E+00
 0.697395474E+00 0.682163818E+00 0.667393547E+00 0.653086742E+00 0.639245423E+00
 0.625871552E+00 0.612967034E+00 0.600533708E+00 0.588573358E+00 0.577087700E+00
 0.566078391E+00 0.555547021E+00 0.545495116E+00 0.535924137E+00 0.526835479E+00
 0.518230468E+00 0.510110364E+00 0.502476358E+00 0.495329572E+00 0.488671058E+00
 0.482501798E+00 0.476822704E+00 0.471634616E+00 0.466938302E+00 0.462734461E+00
 0.459023715E+00 0.455806617E+00 0.453083646E+00 0.450855207E+00 0.449121632E+00
 0.447883179E+00 0.447140034E+00 0.446892307E+00 0.447140036E+00 0.447883182E+00
 0.449121636E+00 0.450855212E+00 0.453083653E+00 0.455806626E+00 0.459023725E+00
 0.462734472E+00 0.466938315E+00 0.471634629E+00 0.476822719E+00 0.482501814E+00
 0.488671076E+00 0.495329591E+00 0.502476379E+00 0.510110386E+00 0.518230491E+00
 0.526835503E+00 0.535924163E+00 0.545495143E+00 0.555547049E+00 0.566078421E+00
 0.577087732E+00 0.588573390E+00 0.600533742E+00 0.612967069E+00 0.625871589E+00
 0.639245461E+00 0.653086781E+00 0.667393587E+00 0.682163859E+00 0.697395517E+00
 0.713086426E+00 0.729234394E+00 0.745837176E+00 0.762892473E+00 0.780397932E+00
 0.798351152E+00 0.816749677E+00 0.835591006E+00 0.854872589E+00 0.874591828E+00
 0.894746081E+00 0.915332660E+00 0.936348835E+00 0.957791833E+00 0.979658841E+00
 0.100194701E+01 0.102465344E+01 0.104777521E+01 0.107130935E+01 0.109525286E+01
 0.111960272E+01 0.114435585E+01 0.116950917E+01 0.119505954E+01 0.122100381E+01
 0.124733880E+01 0.127406131E+01 0.130116810E+01 0.132865591E+01 0.135652147E+01
 0.138476148E+01 0.141337262E+01 0.139468311E+01 0.136601886E+01 0.133772625E+01
 0.130980863E+01 0.128226930E+01 0.125511155E+01 0.122833865E+01 0.120195385E+01
 0.117596036E+01 0.115036137E+01 0.112516006E+01 0.110035956E+01 0.107596297E+01
 0.105197338E+01 0.102839383E+01 0.100522733E+01 0.982476860E+00 0.960145352E+00
 0.938235714E+00 0.916750808E+00 0.895693461E+00 0.875066456E+00 0.854872534E+00
 0.835114394E+00 0.815794689E+00 0.796916028E+00 0.778480970E+00 0.760492029E+00
 0.742951668E+00 0.725862301E+00 0.709226288E+00 0.693045940E+00 0.677323511E+00
 0.662061201E+00 0.647261155E+00 0.632925461E+00 0.619056148E+00 0.605655188E+00
 0.592724490E+00 0.580265906E+00 0.568281224E+00 0.556772169E+00 0.545740403E+00
 0.535187526E+00 0.525115069E+00 0.515524500E+00 0.506417219E+00 0.497794558E+00
 0.489657783E+00 0.482008090E+00 0.474846605E+00 0.468174386E+00 0.461992419E+00
 0.456301620E+00 0.451102832E+00 0.446396827E+00 0.442184307E+00 0.438465896E+00
 0.435242151E+00 0.432513551E+00 0.430280504E+00 0.428543344E+00 0.427302330E+00
 0.426557647E+00 0.426309408E+00 0.426557649E+00 0.427302333E+00 0.428543348E+00
 0.430280510E+00 0.432513558E+00 0.435242159E+00 0.438465906E+00 0.442184318E+00
 0.446396840E+00 0.451102846E+00 0.456301635E+00 0.461992436E+00 0.468174404E+00
 0.474846625E+00 0.482008110E+00 0.489657805E+00 0.497794581E+00 0.506417243E+00
 0.515524526E+00 0.525115097E+00 0.535187555E+00 0.545740433E+00 0.556772200E+00
 0.568281256E+00 0.580265940E+00 0.592724525E+00 0.605655224E+00 0.619056186E+00
 0.632925500E+00 0.647261195E+00 0.662061243E+00 0.677323554E+00 0.693045984E+00
 0.709226334E+00 0.725862348E+00 0.742951716E+00 0.760492078E+00 0.778481020E+00
 0.796916079E+00 0.815794742E+00 0.835114449E+00 0.854872590E+00 0.875066513E+00
 0.895693519E+00 0.916750867E+00 0.938235774E+00 0.960145414E+00 0.982476923E+00
 0.100522740E+01 0.102839390E+01 0.105197345E+01 0.107596304E+01 0.110035963E+01
 0.112516013E+01 0.115036144E+01 0.117596043E+01 0.120195392E+01 0.122833873E+01
 0.125511163E+01 0.128226938E+01 0.130980871E+01 0.133772633E+01 0.136601893E+01
 0.139468319E+01 0.137641059E+01 0.134769430E+01 0.131935017E+01 0.129138154E+01
 0.126379173E+01 0.123658405E+01 0.120976178E+01 0.118332816E+01 0.115728644E+01
 0.113163982E+01 0.110639148E+01 0.108154456E+01 0.105710219E+01 0.103306745E+01
 0.100944340E+01 0.986233069E+00 0.963439436E+00 0.941065454E+00 0.919114040E+00
 0.897588067E+00 0.876490372E+00 0.855823749E+00 0.835590952E+00 0.815794689E+00
 0.796437624E+00 0.777522375E+00 0.759051514E+00 0.741027564E+00 0.723452998E+00
 0.706330240E+00 0.689661659E+00 0.673449576E+00 0.657696254E+00 0.642403902E+00
 0.627574675E+00 0.613210667E+00 0.599313919E+00 0.585886408E+00 0.572930053E+00
 0.560446713E+00 0.548438183E+00 0.536906196E+00 0.525852422E+00 0.515278465E+00
 0.505185865E+00 0.495576095E+00 0.486450560E+00 0.477810601E+00 0.469657486E+00
 0.461992417E+00 0.454816526E+00 0.448130875E+00 0.441936453E+00 0.436234180E+00
 0.431024905E+00 0.426309402E+00 0.422088374E+00 0.418362451E+00 0.415132190E+00
 0.412398073E+00 0.410160510E+00 0.408419836E+00 0.407176311E+00 0.406430122E+00
 0.406181380E+00 0.406430123E+00 0.407176314E+00 0.408419840E+00 0.410160516E+00
 0.412398080E+00 0.415132198E+00 0.418362461E+00 0.422088385E+00 0.426309414E+00
 0.431024919E+00 0.436234196E+00 0.441936469E+00 0.448130893E+00 0.454816546E+00
 0.461992438E+00 0.469657508E+00 0.477810624E+00 0.486450585E+00 0.495576121E+00
 0.505185892E+00 0.515278494E+00 0.525852452E+00 0.536906228E+00 0.548438216E+00
 0.560446747E+00 0.572930089E+00 0.585886444E+00 0.599313957E+00 0.613210707E+00
 0.627574715E+00 0.642403944E+00 0.657696297E+00 0.673449620E+00 0.689661705E+00
 0.706330287E+00 0.723453047E+00 0.741027614E+00 0.759051565E+00 0.777522427E+00
 0.796437677E+00 0.815794743E+00 0.835591008E+00 0.855823806E+00 0.876490430E+00
 0.897588126E+00 0.919114100E+00 0.941065516E+00 0.963439498E+00 0.986233133E+00
 0.100944347E+01 0.103306752E+01 0.105710226E+01 0.108154463E+01 0.110639155E+01
 0.113163989E+01 0.115728651E+01 0.118332824E+01 0.120976185E+01 0.123658413E+01
 0.126379181E+01 0.129138162E+01 0.131935025E+01 0.134769438E+01 0.137641067E+01
 0.135855731E+01 0.132979008E+01 0.130139550E+01 0.127337692E+01 0.124573769E+01
 0.121848112E+01 0.119161050E+01 0.116512910E+01 0.113904015E+01 0.111334689E+01
 0.108805249E+01 0.106316013E+01 0.103867292E+01 0.101459397E+01 0.990926354E+00
 0.967673097E+00 0.944837201E+00 0.922421628E+00 0.900429304E+00 0.878863115E+00
 0.857725909E+00 0.837020491E+00 0.816749623E+00 0.796916026E+00 0.777522374E+00
 0.758571296E+00 0.740065373E+00 0.722007138E+00 0.704399074E+00 0.687243614E+00
 0.670543139E+00 0.654299975E+00 0.638516398E+00 0.623194625E+00 0.608336817E+00
 0.593945081E+00 0.580021462E+00 0.566567948E+00 0.553586465E+00 0.541078879E+00
 0.529046992E+00 0.517492546E+00 0.506417216E+00 0.495822613E+00 0.485710284E+00
 0.476081708E+00 0.466938296E+00 0.458281393E+00 0.450112275E+00 0.442432146E+00
 0.435242145E+00 0.428543337E+00 0.422336716E+00 0.416623207E+00 0.411403659E+00
 0.406678852E+00 0.402449492E+00 0.398716211E+00 0.395479568E+00 0.392740048E+00
 0.390498061E+00 0.388753945E+00 0.387507961E+00 0.386760295E+00 0.386511062E+00
 0.386760297E+00 0.387507963E+00 0.388753949E+00 0.390498067E+00 0.392740054E+00
 0.395479576E+00 0.398716221E+00 0.402449503E+00 0.406678865E+00 0.411403673E+00
 0.416623222E+00 0.422336733E+00 0.428543355E+00 0.435242165E+00 0.442432167E+00
 0.450112297E+00 0.458281417E+00 0.466938321E+00 0.476081734E+00 0.485710312E+00
 0.495822642E+00 0.506417246E+00 0.517492577E+00 0.529047025E+00 0.541078913E+00
 0.553586500E+00 0.566567985E+00 0.580021500E+00 0.593945121E+00 0.608336858E+00
 0.623194666E+00 0.638516441E+00 0.654300020E+00 0.670543184E+00 0.687243661E+00
 0.704399122E+00 0.722007187E+00 0.740065424E+00 0.758571348E+00 0.777522428E+00
 0.796916081E+00 0.816749679E+00 0.837020548E+00 0.857725967E+00 0.878863175E+00
 0.900429364E+00 0.922421689E+00 0.944837263E+00 0.967673161E+00 0.990926419E+00
 0.101459404E+01 0.103867299E+01 0.106316020E+01 0.108805256E+01 0.111334696E+01
 0.113904023E+01 0.116512917E+01 0.119161058E+01 0.121848120E+01 0.124573777E+01
 0.127337700E+01 0.130139558E+01 0.132979016E+01 0.135855740E+01 0.134112556E+01
 0.131230848E+01 0.128386454E+01 0.125579710E+01 0.122810952E+01 0.120080511E+01
 0.117388719E+01 0.114735902E+01 0.112122388E+01 0.109548498E+01 0.107014552E+01
 0.104520868E+01 0.102067761E+01 0.996555400E+00 0.972845147E+00 0.949549890E+00
 0.926672638E+00 0.904216367E+00 0.882184013E+00 0.860578472E+00 0.839402602E+00
 0.818659220E+00 0.798351098E+00 0.778480968E+00 0.759051513E+00 0.740065373E+00
 0.721525138E+00 0.703433351E+00 0.685792506E+00 0.668605044E+00 0.651873355E+00
 0.635599776E+00 0.619786590E+00 0.604436023E+00 0.589550247E+00 0.575131373E+00
 0.561181458E+00 0.547702495E+00 0.534696419E+00 0.522165104E+00 0.510110359E+00
 0.498533932E+00 0.487437505E+00 0.476822697E+00 0.466691059E+00 0.457044077E+00
 0.447883168E+00 0.439209683E+00 0.431024901E+00 0.423330034E+00 0.416126223E+00
 0.409414538E+00 0.403195978E+00 0.397471470E+00 0.392241868E+00 0.387507956E+00
 0.383270440E+00 0.379529957E+00 0.376287068E+00 0.373542259E+00 0.371295943E+00
 0.369548458E+00 0.368300067E+00 0.367550957E+00 0.367301242E+00 0.367550959E+00
 0.368300070E+00 0.369548462E+00 0.371295949E+00 0.373542266E+00 0.376287076E+00
 0.379529967E+00 0.383270451E+00 0.387507968E+00 0.392241882E+00 0.397471485E+00
 0.403195994E+00 0.409414556E+00 0.416126242E+00 0.423330054E+00 0.431024923E+00
 0.439209706E+00 0.447883193E+00 0.457044103E+00 0.466691087E+00 0.476822726E+00
 0.487437535E+00 0.498533963E+00 0.510110392E+00 0.522165138E+00 0.534696455E+00
 0.547702532E+00 0.561181496E+00 0.575131413E+00 0.589550287E+00 0.604436065E+00
 0.619786633E+00 0.635599821E+00 0.651873401E+00 0.668605091E+00 0.685792554E+00
 0.703433401E+00 0.721525188E+00 0.740065425E+00 0.759051566E+00 0.778481022E+00
 0.798351154E+00 0.818659277E+00 0.839402660E+00 0.860578531E+00 0.882184073E+00
 0.904216429E+00 0.926672701E+00 0.949549954E+00 0.972845212E+00 0.996555467E+00
 0.102067767E+01 0.104520875E+01 0.107014559E+01 0.109548505E+01 0.112122395E+01
 0.114735910E+01 0.117388726E+01 0.120080519E+01 0.122810959E+01 0.125579718E+01
 0.128386462E+01 0.131230856E+01 0.134112564E+01 0.132411756E+01 0.129525175E+01
 0.126675955E+01 0.123864435E+01 0.121090949E+01 0.118355832E+01 0.115659415E+01
 0.113002027E+01 0.110383995E+01 0.107805643E+01 0.105267292E+01 0.102769260E+01
 0.100311863E+01 0.978954134E+00 0.955202195E+00 0.931865872E+00 0.908948186E+00
 0.886452121E+00 0.864380626E+00 0.842736607E+00 0.821522932E+00 0.800742428E+00
 0.780397880E+00 0.760492026E+00 0.741027562E+00 0.722007137E+00 0.703433350E+00
 0.685308756E+00 0.667635855E+00 0.650417099E+00 0.633654888E+00 0.617351567E+00
 0.601509426E+00 0.586130703E+00 0.571217575E+00 0.556772165E+00 0.542796533E+00
 0.529292684E+00 0.516262559E+00 0.503708038E+00 0.491630939E+00 0.480033016E+00
 0.468915959E+00 0.458281390E+00 0.448130870E+00 0.438465888E+00 0.429287868E+00
 0.420598166E+00 0.412398066E+00 0.404688784E+00 0.397471468E+00 0.390747189E+00
 0.384516953E+00 0.378781689E+00 0.373542256E+00 0.368799438E+00 0.364553947E+00
 0.360806420E+00 0.357557422E+00 0.354807441E+00 0.352556891E+00 0.350806112E+00
 0.349555366E+00 0.348804844E+00 0.348554658E+00 0.348804845E+00 0.349555369E+00
 0.350806116E+00 0.352556897E+00 0.354807448E+00 0.357557431E+00 0.360806430E+00
 0.364553958E+00 0.368799450E+00 0.373542269E+00 0.378781704E+00 0.384516970E+00
 0.390747207E+00 0.397471487E+00 0.404688805E+00 0.412398088E+00 0.420598189E+00
 0.429287893E+00 0.438465914E+00 0.448130897E+00 0.458281419E+00 0.468915989E+00
 0.480033048E+00 0.491630972E+00 0.503708072E+00 0.516262594E+00 0.529292721E+00
 0.542796571E+00 0.556772204E+00 0.571217616E+00 0.586130745E+00 0.601509470E+00
 0.617351611E+00 0.633654934E+00 0.650417146E+00 0.667635903E+00 0.685308805E+00
 0.703433401E+00 0.722007189E+00 0.741027616E+00 0.760492081E+00 0.780397936E+00
 0.800742486E+00 0.821522990E+00 0.842736666E+00 0.864380686E+00 0.886452183E+00
 0.908948249E+00 0.931865936E+00 0.955202260E+00 0.978954200E+00 0.100311870E+01
 0.102769267E+01 0.105267299E+01 0.107805650E+01 0.110384002E+01 0.113002034E+01
 0.115659422E+01 0.118355839E+01 0.121090957E+01 0.123864442E+01 0.126675963E+01
 0.129525183E+01 0.132411764E+01 0.130753550E+01 0.127862209E+01 0.125008276E+01
 0.122192089E+01 0.119413986E+01 0.116674300E+01 0.113973366E+01 0.111311512E+01
 0.108689067E+01 0.106106356E+01 0.103563701E+01 0.101061422E+01 0.985998345E+00
 0.961792527E+00 0.937999863E+00 0.914623421E+00 0.891666231E+00 0.869131289E+00
 0.847021553E+00 0.825339941E+00 0.804089331E+00 0.783272560E+00 0.762892421E+00
 0.742951665E+00 0.723452996E+00 0.704399072E+00 0.685792504E+00 0.667635854E+00
 0.649931633E+00 0.632682302E+00 0.615890267E+00 0.599557885E+00 0.583687454E+00
 0.568281219E+00 0.553341366E+00 0.538870026E+00 0.524869267E+00 0.511341101E+00
 0.498287476E+00 0.485710281E+00 0.473611339E+00 0.461992412E+00 0.450855195E+00
 0.440201318E+00 0.430032346E+00 0.420349775E+00 0.411155035E+00 0.402449486E+00
 0.394234418E+00 0.386511051E+00 0.379280537E+00 0.372543953E+00 0.366302307E+00
 0.360556532E+00 0.355307491E+00 0.350555971E+00 0.346302686E+00 0.342548277E+00
 0.339293310E+00 0.336538274E+00 0.334283587E+00 0.332529588E+00 0.331276542E+00
 0.330524639E+00 0.330273993E+00 0.330524641E+00 0.331276545E+00 0.332529592E+00
 0.334283592E+00 0.336538281E+00 0.339293318E+00 0.342548287E+00 0.346302697E+00
 0.350555983E+00 0.355307505E+00 0.360556548E+00 0.366302324E+00 0.372543971E+00
 0.379280556E+00 0.386511072E+00 0.394234440E+00 0.402449509E+00 0.411155060E+00
 0.420349802E+00 0.430032373E+00 0.440201347E+00 0.450855225E+00 0.461992443E+00
 0.473611372E+00 0.485710315E+00 0.498287512E+00 0.511341138E+00 0.524869305E+00
 0.538870065E+00 0.553341407E+00 0.568281261E+00 0.583687498E+00 0.599557930E+00
 0.615890313E+00 0.632682349E+00 0.649931682E+00 0.667635904E+00 0.685792555E+00
 0.704399124E+00 0.723453049E+00 0.742951719E+00 0.762892477E+00 0.783272617E+00
 0.804089389E+00 0.825340001E+00 0.847021614E+00 0.869131351E+00 0.891666294E+00
 0.914623485E+00 0.937999928E+00 0.961792593E+00 0.985998413E+00 0.101061429E+01
 0.103563708E+01 0.106106363E+01 0.108689074E+01 0.111311519E+01 0.113973373E+01
 0.116674308E+01 0.119413993E+01 0.122192097E+01 0.125008284E+01 0.127862217E+01
 0.130753558E+01 0.129138154E+01 0.126242167E+01 0.123383633E+01 0.120562892E+01
 0.117780281E+01 0.115036137E+01 0.112330793E+01 0.109664580E+01 0.107037828E+01
 0.104450862E+01 0.101904007E+01 0.993975811E+00 0.969319037E+00 0.945072886E+00
 0.921240469E+00 0.897824865E+00 0.874829114E+00 0.852256222E+00 0.830109157E+00
 0.808390848E+00 0.787104182E+00 0.766252007E+00 0.745837125E+00 0.725862297E+00
 0.706330236E+00 0.687243611E+00 0.668605042E+00 0.650417098E+00 0.632682301E+00
 0.615403120E+00 0.598581971E+00 0.582221217E+00 0.566323167E+00 0.550890073E+00
 0.535924130E+00 0.521427474E+00 0.507402184E+00 0.493850277E+00 0.480773711E+00
 0.468174378E+00 0.456054111E+00 0.444414677E+00 0.433257777E+00 0.422585049E+00
 0.412398063E+00 0.402698320E+00 0.393487255E+00 0.384766234E+00 0.376536552E+00
 0.368799434E+00 0.361556034E+00 0.354807436E+00 0.348554649E+00 0.342798613E+00
 0.337540191E+00 0.332780174E+00 0.328519280E+00 0.324758151E+00 0.321497355E+00
 0.318737385E+00 0.316478658E+00 0.314721515E+00 0.313466224E+00 0.312712973E+00
 0.312461877E+00 0.312712974E+00 0.313466227E+00 0.314721520E+00 0.316478663E+00
 0.318737392E+00 0.321497364E+00 0.324758161E+00 0.328519291E+00 0.332780187E+00
 0.337540204E+00 0.342798628E+00 0.348554666E+00 0.354807454E+00 0.361556053E+00
 0.368799454E+00 0.376536574E+00 0.384766258E+00 0.393487280E+00 0.402698346E+00
 0.412398090E+00 0.422585078E+00 0.433257808E+00 0.444414708E+00 0.456054144E+00
 0.468174412E+00 0.480773746E+00 0.493850314E+00 0.507402222E+00 0.521427514E+00
 0.535924171E+00 0.550890115E+00 0.566323211E+00 0.582221262E+00 0.598582017E+00
 0.615403167E+00 0.632682349E+00 0.650417148E+00 0.668605093E+00 0.687243664E+00
 0.706330290E+00 0.725862352E+00 0.745837181E+00 0.766252064E+00 0.787104241E+00
 0.808390908E+00 0.830109218E+00 0.852256284E+00 0.874829177E+00 0.897824929E+00
 0.921240535E+00 0.945072952E+00 0.969319105E+00 0.993975880E+00 0.101904014E+01
 0.104450870E+01 0.107037835E+01 0.109664588E+01 0.112330800E+01 0.115036144E+01
 0.117780289E+01 0.120562900E+01 0.123383641E+01 0.126242175E+01 0.129138162E+01
 0.127565777E+01 0.124665260E+01 0.121802240E+01 0.118977057E+01 0.116190051E+01
 0.113441558E+01 0.110731914E+01 0.108061451E+01 0.105430498E+01 0.102839383E+01
 0.100288430E+01 0.977779616E+00 0.953082952E+00 0.928797466E+00 0.904926281E+00
 0.881472482E+00 0.858439123E+00 0.835829220E+00 0.813645748E+00 0.791891648E+00
 0.770569817E+00 0.749683111E+00 0.729234343E+00 0.709226284E+00 0.689661655E+00
 0.670543135E+00 0.651873352E+00 0.633654886E+00 0.615890266E+00 0.598581970E+00
 0.581732423E+00 0.565343997E+00 0.549419008E+00 0.533959715E+00 0.518968323E+00
 0.504446975E+00 0.490397756E+00 0.476822693E+00 0.463723747E+00 0.451102821E+00
 0.438961753E+00 0.427302315E+00 0.416126217E+00 0.405435101E+00 0.395230542E+00
 0.385514048E+00 0.376287060E+00 0.367550946E+00 0.359307008E+00 0.351556475E+00
 0.344300507E+00 0.337540188E+00 0.331276535E+00 0.325510488E+00 0.320242915E+00
 0.315474611E+00 0.311206294E+00 0.307438610E+00 0.304172129E+00 0.301407344E+00
 0.299144676E+00 0.297384468E+00 0.296126985E+00 0.295372419E+00 0.295120885E+00
 0.295372421E+00 0.296126988E+00 0.297384472E+00 0.299144682E+00 0.301407351E+00
 0.304172137E+00 0.307438620E+00 0.311206305E+00 0.315474623E+00 0.320242929E+00
 0.325510503E+00 0.331276552E+00 0.337540207E+00 0.344300526E+00 0.351556496E+00
 0.359307030E+00 0.367550970E+00 0.376287085E+00 0.385514075E+00 0.395230569E+00
 0.405435130E+00 0.416126247E+00 0.427302347E+00 0.438961786E+00 0.451102856E+00
 0.463723783E+00 0.476822730E+00 0.490397795E+00 0.504447014E+00 0.518968364E+00
 0.533959758E+00 0.549419051E+00 0.565344042E+00 0.581732469E+00 0.598582017E+00
 0.615890315E+00 0.633654936E+00 0.651873403E+00 0.670543188E+00 0.689661709E+00
 0.709226339E+00 0.729234399E+00 0.749683168E+00 0.770569875E+00 0.791891708E+00
 0.813645809E+00 0.835829282E+00 0.858439187E+00 0.881472547E+00 0.904926346E+00
 0.928797533E+00 0.953083020E+00 0.977779685E+00 0.100288437E+01 0.102839390E+01
 0.105430505E+01 0.108061458E+01 0.110731922E+01 0.113441566E+01 0.116190058E+01
 0.118977065E+01 0.121802248E+01 0.124665268E+01 0.127565785E+01 0.126036624E+01
 0.123131693E+01 0.120264302E+01 0.117434793E+01 0.114643504E+01 0.111890776E+01
 0.109176942E+01 0.106502337E+01 0.103867292E+01 0.101272134E+01 0.987171899E+00
 0.962027815E+00 0.937292285E+00 0.912968474E+00 0.889059514E+00 0.865568501E+00
 0.842498498E+00 0.819852530E+00 0.797633585E+00 0.775844611E+00 0.754488514E+00
 0.733568162E+00 0.713086376E+00 0.693045935E+00 0.673449571E+00 0.654299971E+00
 0.635599773E+00 0.617351564E+00 0.599557883E+00 0.582221216E+00 0.565343997E+00
 0.548928604E+00 0.532977363E+00 0.517492540E+00 0.502476348E+00 0.487930937E+00
 0.473858401E+00 0.460260770E+00 0.447140017E+00 0.434498048E+00 0.422336708E+00
 0.410657777E+00 0.399462969E+00 0.388753932E+00 0.378532249E+00 0.368799431E+00
 0.359556923E+00 0.350806102E+00 0.342548271E+00 0.334784665E+00 0.327516447E+00
 0.320744707E+00 0.314470463E+00 0.308694661E+00 0.303418170E+00 0.298641788E+00
 0.294366237E+00 0.290592164E+00 0.287320142E+00 0.284550667E+00 0.282284158E+00
 0.280520961E+00 0.279261343E+00 0.278505496E+00 0.278253535E+00 0.278505497E+00
 0.279261346E+00 0.280520965E+00 0.282284164E+00 0.284550674E+00 0.287320151E+00
 0.290592174E+00 0.294366248E+00 0.298641800E+00 0.303418184E+00 0.308694676E+00
 0.314470480E+00 0.320744725E+00 0.327516467E+00 0.334784686E+00 0.342548293E+00
 0.350806126E+00 0.359556948E+00 0.368799457E+00 0.378532276E+00 0.388753961E+00
 0.399462999E+00 0.410657809E+00 0.422336741E+00 0.434498083E+00 0.447140053E+00
 0.460260808E+00 0.473858439E+00 0.487930977E+00 0.502476389E+00 0.517492583E+00
 0.532977406E+00 0.548928649E+00 0.565344043E+00 0.582221263E+00 0.599557932E+00
 0.617351614E+00 0.635599824E+00 0.654300024E+00 0.673449625E+00 0.693045990E+00
 0.713086432E+00 0.733568219E+00 0.754488573E+00 0.775844670E+00 0.797633646E+00
 0.819852593E+00 0.842498562E+00 0.865568566E+00 0.889059579E+00 0.912968541E+00
 0.937292353E+00 0.962027884E+00 0.987171969E+00 0.101272141E+01 0.103867299E+01
 0.106502344E+01 0.109176949E+01 0.111890783E+01 0.114643512E+01 0.117434800E+01
 0.120264310E+01 0.123131701E+01 0.126036632E+01 0.124550895E+01 0.121641669E+01
 0.118770024E+01 0.115936303E+01 0.113140847E+01 0.110383995E+01 0.107666084E+01
 0.104987448E+01 0.102348419E+01 0.997493265E+00 0.971904970E+00 0.946722539E+00
 0.921949179E+00 0.897588063E+00 0.873642333E+00 0.850115096E+00 0.827009424E+00
 0.804328351E+00 0.782074875E+00 0.760251952E+00 0.738862501E+00 0.717909395E+00
 0.697395467E+00 0.677323505E+00 0.657696248E+00 0.638516393E+00 0.619786586E+00
 0.601509423E+00 0.583687451E+00 0.566323165E+00 0.549419006E+00 0.532977362E+00
 0.517000564E+00 0.501490888E+00 0.486450552E+00 0.471881716E+00 0.457786478E+00
 0.444166879E+00 0.431024894E+00 0.418362439E+00 0.406181363E+00 0.394483454E+00
 0.383270431E+00 0.372543948E+00 0.362305592E+00 0.352556881E+00 0.343299265E+00
 0.334534124E+00 0.326262767E+00 0.318486434E+00 0.311206290E+00 0.304423430E+00
 0.298138875E+00 0.292353574E+00 0.287068401E+00 0.282284155E+00 0.278001561E+00
 0.274221268E+00 0.270943851E+00 0.268169808E+00 0.265899561E+00 0.264133454E+00
 0.262871757E+00 0.262114663E+00 0.261862285E+00 0.262114664E+00 0.262871760E+00
 0.264133458E+00 0.265899566E+00 0.268169815E+00 0.270943860E+00 0.274221278E+00
 0.278001572E+00 0.282284167E+00 0.287068415E+00 0.292353589E+00 0.298138892E+00
 0.304423448E+00 0.311206309E+00 0.318486455E+00 0.326262790E+00 0.334534148E+00
 0.343299290E+00 0.352556907E+00 0.362305619E+00 0.372543977E+00 0.383270461E+00
 0.394483486E+00 0.406181396E+00 0.418362473E+00 0.431024930E+00 0.444166916E+00
 0.457786517E+00 0.471881755E+00 0.486450593E+00 0.501490930E+00 0.517000608E+00
 0.532977407E+00 0.549419053E+00 0.566323213E+00 0.583687500E+00 0.601509473E+00
 0.619786637E+00 0.638516446E+00 0.657696302E+00 0.677323560E+00 0.697395524E+00
 0.717909453E+00 0.738862560E+00 0.760252012E+00 0.782074936E+00 0.804328413E+00
 0.827009487E+00 0.850115161E+00 0.873642399E+00 0.897588130E+00 0.921949247E+00
 0.946722608E+00 0.971905040E+00 0.997493337E+00 0.102348426E+01 0.104987455E+01
 0.107666091E+01 0.110384003E+01 0.113140855E+01 0.115936311E+01 0.118770032E+01
 0.121641677E+01 0.124550903E+01 0.123108787E+01 0.120195384E+01 0.117319603E+01
 0.114481788E+01 0.111682279E+01 0.108921418E+01 0.106199542E+01 0.103516986E+01
 0.100874084E+01 0.982711660E+00 0.957085586E+00 0.931865869E+00 0.907055724E+00
 0.882658334E+00 0.858676850E+00 0.835114389E+00 0.811974032E+00 0.789258823E+00
 0.766971769E+00 0.745115836E+00 0.723693949E+00 0.702708994E+00 0.682163810E+00
 0.662061194E+00 0.642403896E+00 0.623194619E+00 0.604436018E+00 0.586130699E+00
 0.568281215E+00 0.550890070E+00 0.533959713E+00 0.517492539E+00 0.501490887E+00
 0.485957041E+00 0.470893226E+00 0.456301607E+00 0.442184293E+00 0.428543327E+00
 0.415380695E+00 0.402698316E+00 0.390498047E+00 0.378781681E+00 0.367550943E+00
 0.356807492E+00 0.346552922E+00 0.336788754E+00 0.327516444E+00 0.318737377E+00
 0.310452866E+00 0.302664153E+00 0.295372410E+00 0.288578735E+00 0.282284153E+00
 0.276489614E+00 0.271195996E+00 0.266404102E+00 0.262114658E+00 0.258328316E+00
 0.255045652E+00 0.252267167E+00 0.249993282E+00 0.248224346E+00 0.246960627E+00
 0.246202319E+00 0.245949538E+00 0.246202321E+00 0.246960630E+00 0.248224350E+00
 0.249993288E+00 0.252267174E+00 0.255045661E+00 0.258328326E+00 0.262114669E+00
 0.266404114E+00 0.271196010E+00 0.276489629E+00 0.282284169E+00 0.288578753E+00
 0.295372430E+00 0.302664174E+00 0.310452888E+00 0.318737400E+00 0.327516469E+00
 0.336788780E+00 0.346552949E+00 0.356807521E+00 0.367550973E+00 0.378781713E+00
 0.390498080E+00 0.402698350E+00 0.415380731E+00 0.428543365E+00 0.442184331E+00
 0.456301647E+00 0.470893267E+00 0.485957084E+00 0.501490931E+00 0.517492584E+00
 0.533959760E+00 0.550890118E+00 0.568281264E+00 0.586130749E+00 0.604436070E+00
 0.623194672E+00 0.642403950E+00 0.662061249E+00 0.682163867E+00 0.702709052E+00
 0.723694008E+00 0.745115896E+00 0.766971830E+00 0.789258886E+00 0.811974096E+00
 0.835114454E+00 0.858676916E+00 0.882658401E+00 0.907055792E+00 0.931865938E+00
 0.957085657E+00 0.982711731E+00 0.100874092E+01 0.103516994E+01 0.106199549E+01
 0.108921425E+01 0.111682287E+01 0.114481795E+01 0.117319611E+01 0.120195392E+01
 0.123108795E+01 0.121710488E+01 0.118793030E+01 0.115913232E+01 0.113071439E+01
 0.110267995E+01 0.107503240E+01 0.104777514E+01 0.102091151E+01 0.994444875E+00
 0.968378530E+00 0.942715764E+00 0.917459831E+00 0.892613957E+00 0.868181334E+00
 0.844165123E+00 0.820568449E+00 0.797394402E+00 0.774646036E+00 0.752326367E+00
 0.730438368E+00 0.708984976E+00 0.687969084E+00 0.667393539E+00 0.647261148E+00
 0.627574668E+00 0.608336811E+00 0.589550241E+00 0.571217571E+00 0.553341362E+00
 0.535924126E+00 0.518968320E+00 0.502476346E+00 0.486450551E+00 0.470893225E+00
 0.455806601E+00 0.441192852E+00 0.427054090E+00 0.413392369E+00 0.400209678E+00
 0.387507945E+00 0.375289031E+00 0.363554734E+00 0.352306786E+00 0.341546852E+00
 0.331276530E+00 0.321497346E+00 0.312210762E+00 0.303418165E+00 0.295120874E+00
 0.287320136E+00 0.280017125E+00 0.273212943E+00 0.266908618E+00 0.261105105E+00
 0.255803284E+00 0.251003959E+00 0.246707860E+00 0.242915641E+00 0.239627881E+00
 0.236845079E+00 0.234567662E+00 0.232795976E+00 0.231530293E+00 0.230770807E+00
 0.230517632E+00 0.230770808E+00 0.231530296E+00 0.232795981E+00 0.234567668E+00
 0.236845086E+00 0.239627889E+00 0.242915651E+00 0.246707871E+00 0.251003971E+00
 0.255803298E+00 0.261105121E+00 0.266908635E+00 0.273212961E+00 0.280017145E+00
 0.287320157E+00 0.295120896E+00 0.303418189E+00 0.312210787E+00 0.321497373E+00
 0.331276557E+00 0.341546882E+00 0.352306817E+00 0.363554766E+00 0.375289064E+00
 0.387507979E+00 0.400209714E+00 0.413392407E+00 0.427054129E+00 0.441192891E+00
 0.455806642E+00 0.470893268E+00 0.486450595E+00 0.502476391E+00 0.518968366E+00
 0.535924174E+00 0.553341411E+00 0.571217621E+00 0.589550293E+00 0.608336864E+00
 0.627574722E+00 0.647261203E+00 0.667393596E+00 0.687969141E+00 0.708985035E+00
 0.730438428E+00 0.752326428E+00 0.774646099E+00 0.797394466E+00 0.820568514E+00
 0.844165189E+00 0.868181401E+00 0.892614025E+00 0.917459901E+00 0.942715834E+00
 0.968378602E+00 0.994444948E+00 0.102091159E+01 0.104777521E+01 0.107503248E+01
 0.110268003E+01 0.113071447E+01 0.115913240E+01 0.118793038E+01 0.121710496E+01
 0.120356185E+01 0.117434793E+01 0.114551098E+01 0.111705447E+01 0.108898185E+01
 0.106129653E+01 0.103400191E+01 0.100710136E+01 0.980598222E+00 0.954495827E+00
 0.928797464E+00 0.903506398E+00 0.878625862E+00 0.854159057E+00 0.830109155E+00
 0.806479288E+00 0.783272556E+00 0.760492022E+00 0.738140709E+00 0.716221602E+00
 0.694737643E+00 0.673691734E+00 0.653086733E+00 0.632925453E+00 0.613210660E+00
 0.593945074E+00 0.575131367E+00 0.556772159E+00 0.538870021E+00 0.521427470E+00
 0.504446971E+00 0.487930934E+00 0.471881714E+00 0.456301606E+00 0.441192851E+00
 0.426557628E+00 0.412398057E+00 0.398716197E+00 0.385514043E+00 0.372793529E+00
 0.360556523E+00 0.348804829E+00 0.337540182E+00 0.326764254E+00 0.316478647E+00
 0.306684893E+00 0.297384457E+00 0.288578732E+00 0.280269041E+00 0.272456634E+00
 0.265142689E+00 0.258328312E+00 0.252014534E+00 0.246202312E+00 0.240892530E+00
 0.236085995E+00 0.231783439E+00 0.227985517E+00 0.224692811E+00 0.221905821E+00
 0.219624976E+00 0.217850622E+00 0.216583033E+00 0.215822403E+00 0.215568847E+00
 0.215822404E+00 0.216583036E+00 0.217850627E+00 0.219624981E+00 0.221905828E+00
 0.224692819E+00 0.227985527E+00 0.231783450E+00 0.236086008E+00 0.240892544E+00
 0.246202328E+00 0.252014551E+00 0.258328330E+00 0.265142709E+00 0.272456655E+00
 0.280269063E+00 0.288578756E+00 0.297384482E+00 0.306684920E+00 0.316478675E+00
 0.326764283E+00 0.337540213E+00 0.348804861E+00 0.360556557E+00 0.372793564E+00
 0.385514079E+00 0.398716234E+00 0.412398096E+00 0.426557668E+00 0.441192892E+00
 0.456301649E+00 0.471881757E+00 0.487930980E+00 0.504447018E+00 0.521427518E+00
 0.538870070E+00 0.556772209E+00 0.575131419E+00 0.593945127E+00 0.613210714E+00
 0.632925508E+00 0.653086790E+00 0.673691792E+00 0.694737702E+00 0.716221662E+00
 0.738140771E+00 0.760492085E+00 0.783272620E+00 0.806479353E+00 0.830109221E+00
 0.854159125E+00 0.878625930E+00 0.903506468E+00 0.928797535E+00 0.954495899E+00
 0.980598295E+00 0.100710143E+01 0.103400198E+01 0.106129661E+01 0.108898193E+01
 0.111705455E+01 0.114551106E+01 0.117434801E+01 0.120356194E+01 0.119046058E+01
 0.116120853E+01 0.113233383E+01 0.110383995E+01 0.107573034E+01 0.104800842E+01
 0.102067760E+01 0.993741268E+00 0.967202774E+00 0.941065449E+00 0.915332596E+00
 0.890007487E+00 0.865093365E+00 0.840593441E+00 0.816510893E+00 0.792848864E+00
 0.769610461E+00 0.746798757E+00 0.724416782E+00 0.702467530E+00 0.680953952E+00
 0.659878958E+00 0.639245413E+00 0.619056139E+00 0.599313911E+00 0.580021455E+00
 0.561181451E+00 0.542796527E+00 0.524869261E+00 0.507402179E+00 0.490397752E+00
 0.473858397E+00 0.457786475E+00 0.442184291E+00 0.427054089E+00 0.412398057E+00
 0.398218320E+00 0.384516943E+00 0.371295928E+00 0.358557214E+00 0.346302675E+00
 0.334534120E+00 0.323253291E+00 0.312461862E+00 0.302161442E+00 0.292353568E+00
 0.283039709E+00 0.274221261E+00 0.265899552E+00 0.258075836E+00 0.250751295E+00
 0.243927037E+00 0.237604098E+00 0.231783437E+00 0.226465940E+00 0.221652417E+00
 0.217343602E+00 0.213540154E+00 0.210242654E+00 0.207451606E+00 0.205167438E+00
 0.203390499E+00 0.202121063E+00 0.201359324E+00 0.201105398E+00 0.201359325E+00
 0.202121066E+00 0.203390503E+00 0.205167443E+00 0.207451613E+00 0.210242662E+00
 0.213540164E+00 0.217343614E+00 0.221652430E+00 0.226465954E+00 0.231783452E+00
 0.237604115E+00 0.243927055E+00 0.250751315E+00 0.258075857E+00 0.265899575E+00
 0.274221285E+00 0.283039734E+00 0.292353595E+00 0.302161470E+00 0.312461892E+00
 0.323253321E+00 0.334534152E+00 0.346302708E+00 0.358557249E+00 0.371295964E+00
 0.384516980E+00 0.398218358E+00 0.412398097E+00 0.427054130E+00 0.442184333E+00
 0.457786519E+00 0.473858442E+00 0.490397799E+00 0.507402227E+00 0.524869311E+00
 0.542796577E+00 0.561181502E+00 0.580021508E+00 0.599313965E+00 0.619056195E+00
 0.639245470E+00 0.659879016E+00 0.680954011E+00 0.702467590E+00 0.724416844E+00
 0.746798820E+00 0.769610525E+00 0.792848929E+00 0.816510959E+00 0.840593508E+00
 0.865093434E+00 0.890007557E+00 0.915332667E+00 0.941065521E+00 0.967202847E+00
 0.993741342E+00 0.102067768E+01 0.104800849E+01 0.107573041E+01 0.110384003E+01
 0.113233391E+01 0.116120861E+01 0.119046066E+01 0.117780281E+01 0.114851388E+01
 0.111960265E+01 0.109107260E+01 0.106292719E+01 0.103516986E+01 0.100780403E+01
 0.980833070E+00 0.954260361E+00 0.928089237E+00 0.902323010E+00 0.876964960E+00
 0.852018339E+00 0.827486366E+00 0.803372228E+00 0.779679076E+00 0.756410027E+00
 0.733568159E+00 0.711156513E+00 0.689178090E+00 0.667635849E+00 0.646532709E+00
 0.625871542E+00 0.605655178E+00 0.585886399E+00 0.566567940E+00 0.547702487E+00
 0.529292677E+00 0.511341095E+00 0.493850272E+00 0.476822688E+00 0.460260766E+00
 0.444166875E+00 0.428543325E+00 0.413392367E+00 0.398716196E+00 0.384516942E+00
 0.370796677E+00 0.357557408E+00 0.344801081E+00 0.332529573E+00 0.320744700E+00
 0.309448209E+00 0.298641779E+00 0.288327023E+00 0.278505483E+00 0.269178632E+00
 0.260347871E+00 0.252014531E+00 0.244179870E+00 0.236845073E+00 0.230011252E+00
 0.223679446E+00 0.217850617E+00 0.212525653E+00 0.207705367E+00 0.203390496E+00
 0.199581698E+00 0.196279559E+00 0.193484583E+00 0.191197199E+00 0.189417758E+00
 0.188146534E+00 0.187383721E+00 0.187129438E+00 0.187383723E+00 0.188146537E+00
 0.189417762E+00 0.191197204E+00 0.193484590E+00 0.196279567E+00 0.199581708E+00
 0.203390507E+00 0.207705380E+00 0.212525667E+00 0.217850632E+00 0.223679463E+00
 0.230011271E+00 0.236845093E+00 0.244179891E+00 0.252014553E+00 0.260347895E+00
 0.269178657E+00 0.278505510E+00 0.288327051E+00 0.298641809E+00 0.309448240E+00
 0.320744732E+00 0.332529607E+00 0.344801115E+00 0.357557445E+00 0.370796714E+00
 0.384516981E+00 0.398716236E+00 0.413392409E+00 0.428543367E+00 0.444166919E+00
 0.460260812E+00 0.476822734E+00 0.493850320E+00 0.511341144E+00 0.529292728E+00
 0.547702539E+00 0.566567993E+00 0.585886453E+00 0.605655234E+00 0.625871599E+00
 0.646532767E+00 0.667635909E+00 0.689178150E+00 0.711156575E+00 0.733568222E+00
 0.756410091E+00 0.779679141E+00 0.803372294E+00 0.827486433E+00 0.852018407E+00
 0.876965029E+00 0.902323080E+00 0.928089309E+00 0.954260434E+00 0.980833144E+00
 0.100780410E+01 0.103516994E+01 0.106292727E+01 0.109107268E+01 0.111960273E+01
 0.114851396E+01 0.117780289E+01 0.116559024E+01 0.113626566E+01 0.110731914E+01
 0.107875415E+01 0.105057416E+01 0.102278261E+01 0.995382938E+00 0.968378529E+00
 0.941772759E+00 0.915568977E+00 0.889770501E+00 0.864380621E+00 0.839402597E+00
 0.814839656E+00 0.790694993E+00 0.766971767E+00 0.743673103E+00 0.720802088E+00
 0.698361771E+00 0.676355159E+00 0.654785221E+00 0.633654882E+00 0.612967023E+00
 0.592724480E+00 0.572930044E+00 0.553586456E+00 0.534696411E+00 0.516262551E+00
 0.498287470E+00 0.480773704E+00 0.463723742E+00 0.447140012E+00 0.431024890E+00
 0.415380691E+00 0.400209676E+00 0.385514041E+00 0.371295927E+00 0.357557408E+00
 0.344300498E+00 0.331527148E+00 0.319239242E+00 0.307438599E+00 0.296126971E+00
 0.285306044E+00 0.274977433E+00 0.265142685E+00 0.255803278E+00 0.246960617E+00
 0.238616036E+00 0.230770797E+00 0.223426088E+00 0.216583026E+00 0.210242650E+00
 0.204405926E+00 0.199073746E+00 0.194246924E+00 0.189926199E+00 0.186112232E+00
 0.182805608E+00 0.180006835E+00 0.177716344E+00 0.175934484E+00 0.174661532E+00
 0.173897683E+00 0.173643054E+00 0.173897684E+00 0.174661535E+00 0.175934489E+00
 0.177716349E+00 0.180006842E+00 0.182805617E+00 0.186112242E+00 0.189926210E+00
 0.194246937E+00 0.199073760E+00 0.204405942E+00 0.210242667E+00 0.216583044E+00
 0.223426108E+00 0.230770818E+00 0.238616058E+00 0.246960641E+00 0.255803303E+00
 0.265142712E+00 0.274977461E+00 0.285306073E+00 0.296127002E+00 0.307438631E+00
 0.319239275E+00 0.331527183E+00 0.344300534E+00 0.357557445E+00 0.371295965E+00
 0.385514082E+00 0.400209717E+00 0.415380734E+00 0.431024934E+00 0.447140058E+00
 0.463723789E+00 0.480773752E+00 0.498287519E+00 0.516262602E+00 0.534696463E+00
 0.553586509E+00 0.572930098E+00 0.592724536E+00 0.612967080E+00 0.633654940E+00
 0.654785280E+00 0.676355220E+00 0.698361832E+00 0.720802151E+00 0.743673167E+00
 0.766971832E+00 0.790695059E+00 0.814839723E+00 0.839402666E+00 0.864380691E+00
 0.889770572E+00 0.915569049E+00 0.941772832E+00 0.968378603E+00 0.995383014E+00
 0.102278269E+01 0.105057424E+01 0.107875423E+01 0.110731922E+01 0.113626574E+01
 0.116559032E+01 0.115382450E+01 0.112446555E+01 0.109548497E+01 0.106688627E+01
 0.103867291E+01 0.101084836E+01 0.983416038E+00 0.956379353E+00 0.929741687E+00
 0.903506397E+00 0.877676808E+00 0.852256218E+00 0.827247896E+00 0.802655076E+00
 0.778480962E+00 0.754728720E+00 0.731401484E+00 0.708502346E+00 0.686034365E+00
 0.664000556E+00 0.642403893E+00 0.621247311E+00 0.600533697E+00 0.580265895E+00
 0.560446703E+00 0.541078869E+00 0.522165095E+00 0.503708030E+00 0.485710273E+00
 0.468174371E+00 0.451102815E+00 0.434498043E+00 0.418362434E+00 0.402698312E+00
 0.387507941E+00 0.372793527E+00 0.358557212E+00 0.344801079E+00 0.331527147E+00
 0.318737371E+00 0.306433641E+00 0.294617780E+00 0.283291547E+00 0.272456630E+00
 0.262114649E+00 0.252267157E+00 0.242915634E+00 0.234061489E+00 0.225706061E+00
 0.217850614E+00 0.210496341E+00 0.203644360E+00 0.197295715E+00 0.191451373E+00
 0.186112230E+00 0.181279100E+00 0.176952726E+00 0.173133770E+00 0.169822819E+00
 0.167020383E+00 0.164726892E+00 0.162942699E+00 0.161668080E+00 0.160903230E+00
 0.160648267E+00 0.160903231E+00 0.161668083E+00 0.162942704E+00 0.164726898E+00
 0.167020390E+00 0.169822828E+00 0.173133780E+00 0.176952737E+00 0.181279113E+00
 0.186112244E+00 0.191451389E+00 0.197295732E+00 0.203644378E+00 0.210496361E+00
 0.217850635E+00 0.225706083E+00 0.234061513E+00 0.242915659E+00 0.252267184E+00
 0.262114677E+00 0.272456659E+00 0.283291578E+00 0.294617812E+00 0.306433674E+00
 0.318737406E+00 0.331527184E+00 0.344801117E+00 0.358557251E+00 0.372793567E+00
 0.387507983E+00 0.402698355E+00 0.418362478E+00 0.434498088E+00 0.451102862E+00
 0.468174419E+00 0.485710323E+00 0.503708081E+00 0.522165147E+00 0.541078922E+00
 0.560446757E+00 0.580265951E+00 0.600533754E+00 0.621247369E+00 0.642403953E+00
 0.664000616E+00 0.686034427E+00 0.708502409E+00 0.731401548E+00 0.754728786E+00
 0.778481028E+00 0.802655144E+00 0.827247965E+00 0.852256288E+00 0.877676879E+00
 0.903506469E+00 0.929741761E+00 0.956379427E+00 0.983416113E+00 0.101084844E+01
 0.103867299E+01 0.106688635E+01 0.109548505E+01 0.112446563E+01 0.115382458E+01
 0.114250718E+01 0.111311512E+01 0.108410175E+01 0.105547057E+01 0.102722508E+01
 0.999368735E+00 0.971904967E+00 0.944837195E+00 0.918168807E+00 0.891903167E+00
 0.866043609E+00 0.840593440E+00 0.815555934E+00 0.790934334E+00 0.766731851E+00
 0.742951659E+00 0.719596900E+00 0.696670673E+00 0.674176044E+00 0.652116036E+00
 0.630493631E+00 0.609311769E+00 0.588573346E+00 0.568281212E+00 0.548438172E+00
 0.529046982E+00 0.510110349E+00 0.491630930E+00 0.473611331E+00 0.456054103E+00
 0.438961746E+00 0.422336702E+00 0.406181358E+00 0.390498042E+00 0.375289026E+00
 0.360556520E+00 0.346302672E+00 0.332529571E+00 0.319239240E+00 0.306433640E+00
 0.294114665E+00 0.282284145E+00 0.270943840E+00 0.260095445E+00 0.249740585E+00
 0.239880815E+00 0.230517619E+00 0.221652411E+00 0.213286533E+00 0.205421252E+00
 0.198057765E+00 0.191197192E+00 0.184840580E+00 0.178988900E+00 0.173643047E+00
 0.168803841E+00 0.164472024E+00 0.160648262E+00 0.157333143E+00 0.154527177E+00
 0.152230797E+00 0.150444356E+00 0.149168130E+00 0.148402316E+00 0.148147032E+00
 0.148402317E+00 0.149168133E+00 0.150444360E+00 0.152230803E+00 0.154527184E+00
 0.157333152E+00 0.160648272E+00 0.164472035E+00 0.168803854E+00 0.173643061E+00
 0.178988915E+00 0.184840597E+00 0.191197211E+00 0.198057785E+00 0.205421274E+00
 0.213286555E+00 0.221652435E+00 0.230517644E+00 0.239880842E+00 0.249740613E+00
 0.260095475E+00 0.270943871E+00 0.282284177E+00 0.294114699E+00 0.306433675E+00
 0.319239277E+00 0.332529609E+00 0.346302711E+00 0.360556560E+00 0.375289068E+00
 0.390498085E+00 0.406181402E+00 0.422336747E+00 0.438961793E+00 0.456054152E+00
 0.473611380E+00 0.491630981E+00 0.510110401E+00 0.529047035E+00 0.548438226E+00
 0.568281268E+00 0.588573403E+00 0.609311827E+00 0.630493690E+00 0.652116097E+00
 0.674176106E+00 0.696670736E+00 0.719596964E+00 0.742951725E+00 0.766731917E+00
 0.790934402E+00 0.815556002E+00 0.840593510E+00 0.866043680E+00 0.891903239E+00
 0.918168881E+00 0.944837269E+00 0.971905043E+00 0.999368812E+00 0.102722516E+01
 0.105547065E+01 0.108410183E+01 0.111311520E+01 0.114250726E+01 0.113163982E+01
 0.110221591E+01 0.107317101E+01 0.104450862E+01 0.101623223E+01 0.988345313E+00
 0.960851311E+00 0.933753648E+00 0.907055721E+00 0.880760900E+00 0.854872527E+00
 0.829393915E+00 0.804328348E+00 0.779679075E+00 0.755449314E+00 0.731642248E+00
 0.708261023E+00 0.685308749E+00 0.662788496E+00 0.640703296E+00 0.619056137E+00
 0.597849967E+00 0.577087687E+00 0.556772156E+00 0.536906185E+00 0.517492535E+00
 0.498533921E+00 0.480033007E+00 0.461992403E+00 0.444414668E+00 0.427302308E+00
 0.410657770E+00 0.394483448E+00 0.378781675E+00 0.363554729E+00 0.348804824E+00
 0.334534116E+00 0.320744697E+00 0.307438597E+00 0.294617779E+00 0.282284144E+00
 0.270439526E+00 0.259085689E+00 0.248224333E+00 0.237857087E+00 0.227985509E+00
 0.218611088E+00 0.209735241E+00 0.201359313E+00 0.193484575E+00 0.186112227E+00
 0.179243391E+00 0.172879117E+00 0.167020379E+00 0.161668074E+00 0.156823024E+00
 0.152485974E+00 0.148657590E+00 0.145338462E+00 0.142529102E+00 0.140229942E+00
 0.138441339E+00 0.137163568E+00 0.136396827E+00 0.136141234E+00 0.136396829E+00
 0.137163571E+00 0.138441344E+00 0.140229948E+00 0.142529109E+00 0.145338470E+00
 0.148657600E+00 0.152485985E+00 0.156823037E+00 0.161668088E+00 0.167020394E+00
 0.172879134E+00 0.179243409E+00 0.186112247E+00 0.193484597E+00 0.201359336E+00
 0.209735265E+00 0.218611113E+00 0.227985536E+00 0.237857115E+00 0.248224363E+00
 0.259085720E+00 0.270439558E+00 0.282284178E+00 0.294617814E+00 0.307438633E+00
 0.320744735E+00 0.334534155E+00 0.348804865E+00 0.363554771E+00 0.378781718E+00
 0.394483492E+00 0.410657816E+00 0.427302355E+00 0.444414717E+00 0.461992452E+00
 0.480033057E+00 0.498533973E+00 0.517492588E+00 0.536906239E+00 0.556772212E+00
 0.577087744E+00 0.597850025E+00 0.619056197E+00 0.640703357E+00 0.662788558E+00
 0.685308812E+00 0.708261087E+00 0.731642313E+00 0.755449381E+00 0.779679143E+00
 0.804328416E+00 0.829393985E+00 0.854872598E+00 0.880760972E+00 0.907055794E+00
 0.933753723E+00 0.960851387E+00 0.988345390E+00 0.101623231E+01 0.104450870E+01
 0.107317109E+01 0.110221599E+01 0.113163990E+01 0.112122387E+01 0.109176942E+01
 0.106269426E+01 0.103400191E+01 0.100569587E+01 0.977779612E+00 0.950256596E+00
 0.923130248E+00 0.896403973E+00 0.870081147E+00 0.844165120E+00 0.818659213E+00
 0.793566715E+00 0.768890885E+00 0.744634945E+00 0.720802087E+00 0.697395463E+00
 0.674418191E+00 0.651873347E+00 0.629763969E+00 0.608093053E+00 0.586863553E+00
 0.566078377E+00 0.545740391E+00 0.525852410E+00 0.506417204E+00 0.487437494E+00
 0.468915948E+00 0.450855185E+00 0.433257768E+00 0.416126209E+00 0.399462961E+00
 0.383270424E+00 0.367550936E+00 0.352306781E+00 0.337540177E+00 0.323253286E+00
 0.309448205E+00 0.296126968E+00 0.283291545E+00 0.270943839E+00 0.259085689E+00
 0.247718864E+00 0.236845068E+00 0.226465933E+00 0.216583022E+00 0.207197826E+00
 0.198311767E+00 0.189926193E+00 0.182042378E+00 0.174661524E+00 0.167784757E+00
 0.161413129E+00 0.155547616E+00 0.150189119E+00 0.145338460E+00 0.140996385E+00
 0.137163565E+00 0.133840589E+00 0.131027971E+00 0.128726144E+00 0.126935466E+00
 0.125656212E+00 0.124888581E+00 0.124632691E+00 0.124888582E+00 0.125656215E+00
 0.126935470E+00 0.128726150E+00 0.131027978E+00 0.133840597E+00 0.137163575E+00
 0.140996397E+00 0.145338472E+00 0.150189133E+00 0.155547632E+00 0.161413146E+00
 0.167784775E+00 0.174661544E+00 0.182042399E+00 0.189926216E+00 0.198311791E+00
 0.207197852E+00 0.216583048E+00 0.226465961E+00 0.236845098E+00 0.247718895E+00
 0.259085721E+00 0.270943872E+00 0.283291580E+00 0.296127005E+00 0.309448243E+00
 0.323253325E+00 0.337540218E+00 0.352306822E+00 0.367550979E+00 0.383270468E+00
 0.399463007E+00 0.416126256E+00 0.433257816E+00 0.450855234E+00 0.468915999E+00
 0.487437546E+00 0.506417258E+00 0.525852464E+00 0.545740446E+00 0.566078434E+00
 0.586863611E+00 0.608093113E+00 0.629764030E+00 0.651873409E+00 0.674418254E+00
 0.697395528E+00 0.720802153E+00 0.744635012E+00 0.768890953E+00 0.793566785E+00
 0.818659283E+00 0.844165192E+00 0.870081219E+00 0.896404046E+00 0.923130323E+00
 0.950256672E+00 0.977779689E+00 0.100569594E+01 0.103400199E+01 0.106269434E+01
 0.109176950E+01 0.112122395E+01 0.111126077E+01 0.108177705E+01 0.105267291E+01
 0.102395187E+01 0.995617439E+00 0.967673091E+00 0.940122289E+00 0.912968470E+00
 0.886215046E+00 0.859865401E+00 0.833922890E+00 0.808390843E+00 0.783272554E+00
 0.758571288E+00 0.734290277E+00 0.710432717E+00 0.687001769E+00 0.664000554E+00
 0.641432158E+00 0.619299624E+00 0.597605955E+00 0.576354111E+00 0.555547006E+00
 0.535187512E+00 0.515278452E+00 0.495822601E+00 0.476822685E+00 0.458281379E+00
 0.440201308E+00 0.422585040E+00 0.405435092E+00 0.388753924E+00 0.372543940E+00
 0.356807485E+00 0.341546846E+00 0.326764249E+00 0.312461858E+00 0.298641775E+00
 0.285306040E+00 0.272456627E+00 0.260095443E+00 0.248224332E+00 0.236845067E+00
 0.225959355E+00 0.215568833E+00 0.205675066E+00 0.196279550E+00 0.187383710E+00
 0.178988896E+00 0.171096387E+00 0.163707385E+00 0.156823022E+00 0.150444350E+00
 0.144572348E+00 0.139207918E+00 0.134351886E+00 0.130005000E+00 0.126167930E+00
 0.122841268E+00 0.120025529E+00 0.117721148E+00 0.115928481E+00 0.114647807E+00
 0.113879324E+00 0.113623150E+00 0.113879325E+00 0.114647810E+00 0.115928486E+00
 0.117721154E+00 0.120025536E+00 0.122841277E+00 0.126167940E+00 0.130005012E+00
 0.134351899E+00 0.139207933E+00 0.144572363E+00 0.150444367E+00 0.156823040E+00
 0.163707405E+00 0.171096408E+00 0.178988919E+00 0.187383734E+00 0.196279576E+00
 0.205675092E+00 0.215568861E+00 0.225959385E+00 0.236845098E+00 0.248224364E+00
 0.260095477E+00 0.272456662E+00 0.285306077E+00 0.298641813E+00 0.312461897E+00
 0.326764289E+00 0.341546888E+00 0.356807528E+00 0.372543984E+00 0.388753970E+00
 0.405435139E+00 0.422585088E+00 0.440201357E+00 0.458281430E+00 0.476822737E+00
 0.495822655E+00 0.515278507E+00 0.535187568E+00 0.555547063E+00 0.576354169E+00
 0.597606015E+00 0.619299685E+00 0.641432220E+00 0.664000617E+00 0.687001833E+00
 0.710432783E+00 0.734290344E+00 0.758571356E+00 0.783272623E+00 0.808390913E+00
 0.833922962E+00 0.859865473E+00 0.886215120E+00 0.912968545E+00 0.940122365E+00
 0.967673168E+00 0.995617517E+00 0.102395195E+01 0.105267299E+01 0.108177713E+01
 0.111126085E+01 0.110175185E+01 0.107224018E+01 0.104310836E+01 0.101435991E+01
 0.985998340E+00 0.958027147E+00 0.930449796E+00 0.903269729E+00 0.876490364E+00
 0.850115092E+00 0.824147276E+00 0.798590250E+00 0.773447317E+00 0.748721747E+00
 0.724416779E+00 0.700535616E+00 0.677081423E+00 0.654057330E+00 0.631466429E+00
 0.609311768E+00 0.587596356E+00 0.566323160E+00 0.545495101E+00 0.525115055E+00
 0.505185851E+00 0.485710271E+00 0.466691047E+00 0.448130858E+00 0.430032335E+00
 0.412398052E+00 0.395230532E+00 0.378532240E+00 0.362305583E+00 0.346552914E+00
 0.331276523E+00 0.316478641E+00 0.302161437E+00 0.288327019E+00 0.274977429E+00
 0.262114646E+00 0.249740582E+00 0.237857085E+00 0.226465931E+00 0.215568832E+00
 0.205167426E+00 0.195263285E+00 0.185857907E+00 0.176952719E+00 0.168549075E+00
 0.160648257E+00 0.153251469E+00 0.146359846E+00 0.139974442E+00 0.134096239E+00
 0.128726140E+00 0.123864973E+00 0.119513488E+00 0.115672357E+00 0.112342173E+00
 0.109523451E+00 0.107216628E+00 0.105422062E+00 0.104140030E+00 0.103370732E+00
 0.103114286E+00 0.103370733E+00 0.104140033E+00 0.105422066E+00 0.107216634E+00
 0.109523458E+00 0.112342181E+00 0.115672367E+00 0.119513500E+00 0.123864986E+00
 0.128726154E+00 0.134096254E+00 0.139974459E+00 0.146359864E+00 0.153251489E+00
 0.160648278E+00 0.168549098E+00 0.176952743E+00 0.185857933E+00 0.195263312E+00
 0.205167455E+00 0.215568861E+00 0.226465962E+00 0.237857117E+00 0.249740616E+00
 0.262114681E+00 0.274977465E+00 0.288327056E+00 0.302161476E+00 0.316478681E+00
 0.331276564E+00 0.346552957E+00 0.362305628E+00 0.378532285E+00 0.395230579E+00
 0.412398101E+00 0.430032384E+00 0.448130909E+00 0.466691099E+00 0.485710325E+00
 0.505185906E+00 0.525115111E+00 0.545495158E+00 0.566323218E+00 0.587596416E+00
 0.609311828E+00 0.631466491E+00 0.654057394E+00 0.677081487E+00 0.700535681E+00
 0.724416846E+00 0.748721815E+00 0.773447386E+00 0.798590320E+00 0.824147347E+00
 0.850115165E+00 0.876490438E+00 0.903269804E+00 0.930449872E+00 0.958027224E+00
 0.985998418E+00 0.101435999E+01 0.104310844E+01 0.107224027E+01 0.110175194E+01
 0.109269843E+01 0.106316012E+01 0.103400191E+01 0.100522733E+01 0.976839899E+00
 0.948843121E+00 0.921240464E+00 0.894035379E+00 0.867231288E+00 0.840831590E+00
 0.814839654E+00 0.789258819E+00 0.764092396E+00 0.739343661E+00 0.715015858E+00
 0.691112195E+00 0.667635847E+00 0.644589947E+00 0.621977593E+00 0.599801840E+00
 0.578065704E+00 0.556772155E+00 0.535924122E+00 0.515524485E+00 0.495576080E+00
 0.476081694E+00 0.457044064E+00 0.438465876E+00 0.420349764E+00 0.402698309E+00
 0.385514038E+00 0.368799421E+00 0.352556872E+00 0.336788746E+00 0.321497339E+00
 0.306684886E+00 0.292353562E+00 0.278505478E+00 0.265142681E+00 0.252267153E+00
 0.239880811E+00 0.227985506E+00 0.216583019E+00 0.205675064E+00 0.195263285E+00
 0.185349254E+00 0.175934474E+00 0.167020375E+00 0.158608313E+00 0.150699573E+00
 0.143295363E+00 0.136396819E+00 0.130004997E+00 0.124120882E+00 0.118745380E+00
 0.113879318E+00 0.109523449E+00 0.105678446E+00 0.102344903E+00 0.995233385E-01
 0.972141882E-01 0.954178107E-01 0.941344849E-01 0.933644100E-01 0.931077055E-01
 0.933644114E-01 0.941344878E-01 0.954178150E-01 0.972141939E-01 0.995233456E-01
 0.102344912E+00 0.105678456E+00 0.109523460E+00 0.113879331E+00 0.118745394E+00
 0.124120898E+00 0.130005014E+00 0.136396837E+00 0.143295383E+00 0.150699594E+00
 0.158608336E+00 0.167020399E+00 0.175934499E+00 0.185349281E+00 0.195263313E+00
 0.205675094E+00 0.216583050E+00 0.227985539E+00 0.239880845E+00 0.252267188E+00
 0.265142717E+00 0.278505516E+00 0.292353601E+00 0.306684927E+00 0.321497380E+00
 0.336788789E+00 0.352556916E+00 0.368799467E+00 0.385514085E+00 0.402698357E+00
 0.420349813E+00 0.438465927E+00 0.457044116E+00 0.476081748E+00 0.495576135E+00
 0.515524541E+00 0.535924179E+00 0.556772213E+00 0.578065763E+00 0.599801901E+00
 0.621977655E+00 0.644590011E+00 0.667635911E+00 0.691112261E+00 0.715015925E+00
 0.739343729E+00 0.764092465E+00 0.789258890E+00 0.814839725E+00 0.840831663E+00
 0.867231362E+00 0.894035453E+00 0.921240540E+00 0.948843198E+00 0.976839977E+00
 0.100522741E+01 0.103400199E+01 0.106316020E+01 0.109269852E+01 0.108410174E+01
 0.105453811E+01 0.102535481E+01 0.996555394E+00 0.968143387E+00 0.940122288E+00
 0.912495578E+00 0.885266711E+00 0.858439118E+00 0.832016202E+00 0.806001338E+00
 0.780397873E+00 0.755209120E+00 0.730438364E+00 0.706088854E+00 0.682163805E+00
 0.658666396E+00 0.635599767E+00 0.612967020E+00 0.590771218E+00 0.569015380E+00
 0.547702484E+00 0.526835463E+00 0.506417203E+00 0.486450545E+00 0.466938282E+00
 0.447883155E+00 0.429287855E+00 0.411155023E+00 0.393487244E+00 0.376287049E+00
 0.359556913E+00 0.343299255E+00 0.327516435E+00 0.312210753E+00 0.297384450E+00
 0.283039702E+00 0.269178626E+00 0.255803273E+00 0.242915629E+00 0.230517615E+00
 0.218611085E+00 0.207197823E+00 0.196279548E+00 0.185857906E+00 0.175934473E+00
 0.166510755E+00 0.157588184E+00 0.149168120E+00 0.141251849E+00 0.133840583E+00
 0.126935459E+00 0.120537536E+00 0.114647801E+00 0.109267160E+00 0.104396445E+00
 0.100036408E+00 0.961877241E-01 0.928509894E-01 0.900267214E-01 0.877153582E-01
 0.859172589E-01 0.846327027E-01 0.838618895E-01 0.836049389E-01 0.838618909E-01
 0.846327056E-01 0.859172632E-01 0.877153639E-01 0.900267285E-01 0.928509980E-01
 0.961877341E-01 0.100036419E+00 0.104396458E+00 0.109267174E+00 0.114647816E+00
 0.120537553E+00 0.126935477E+00 0.133840603E+00 0.141251871E+00 0.149168143E+00
 0.157588208E+00 0.166510780E+00 0.175934500E+00 0.185857934E+00 0.196279578E+00
 0.207197854E+00 0.218611117E+00 0.230517649E+00 0.242915664E+00 0.255803309E+00
 0.269178664E+00 0.283039741E+00 0.297384490E+00 0.312210795E+00 0.327516478E+00
 0.343299300E+00 0.359556959E+00 0.376287096E+00 0.393487292E+00 0.411155073E+00
 0.429287906E+00 0.447883207E+00 0.466938335E+00 0.486450600E+00 0.506417259E+00
 0.526835520E+00 0.547702542E+00 0.569015440E+00 0.590771279E+00 0.612967082E+00
 0.635599830E+00 0.658666460E+00 0.682163871E+00 0.706088921E+00 0.730438432E+00
 0.755209190E+00 0.780397943E+00 0.806001410E+00 0.832016275E+00 0.858439192E+00
 0.885266786E+00 0.912495654E+00 0.940122365E+00 0.968143465E+00 0.996555473E+00
 0.102535489E+01 0.105453819E+01 0.108410183E+01 0.107596297E+01 0.104637533E+01
 0.101716826E+01 0.988345312E+00 0.959910011E+00 0.931865865E+00 0.904216360E+00
 0.876964957E+00 0.850115091E+00 0.823670172E+00 0.797633580E+00 0.772008667E+00
 0.746798753E+00 0.722007129E+00 0.697637047E+00 0.673691730E+00 0.650174361E+00
 0.627088086E+00 0.604436013E+00 0.582221209E+00 0.560446700E+00 0.539115468E+00
 0.518230451E+00 0.497794542E+00 0.477810585E+00 0.458281378E+00 0.439209668E+00
 0.420598152E+00 0.402449473E+00 0.384766222E+00 0.367550934E+00 0.350806091E+00
 0.334534114E+00 0.318737367E+00 0.303418156E+00 0.288578724E+00 0.274221254E+00
 0.260347864E+00 0.246960611E+00 0.234061483E+00 0.221652406E+00 0.209735237E+00
 0.198311764E+00 0.187383707E+00 0.176952717E+00 0.167020373E+00 0.157588183E+00
 0.148657583E+00 0.140229934E+00 0.132306526E+00 0.124888571E+00 0.117977210E+00
 0.111573505E+00 0.105678443E+00 0.100292932E+00 0.954178065E-01 0.910538191E-01
 0.872016465E-01 0.838618859E-01 0.810350558E-01 0.787215952E-01 0.769218639E-01
 0.756361417E-01 0.748646286E-01 0.746074447E-01 0.748646300E-01 0.756361445E-01
 0.769218682E-01 0.787216009E-01 0.810350629E-01 0.838618944E-01 0.872016564E-01
 0.910538305E-01 0.954178193E-01 0.100292947E+00 0.105678459E+00 0.111573522E+00
 0.117977229E+00 0.124888591E+00 0.132306547E+00 0.140229957E+00 0.148657607E+00
 0.157588209E+00 0.167020400E+00 0.176952745E+00 0.187383737E+00 0.198311795E+00
 0.209735269E+00 0.221652440E+00 0.234061518E+00 0.246960647E+00 0.260347902E+00
 0.274221293E+00 0.288578764E+00 0.303418198E+00 0.318737410E+00 0.334534158E+00
 0.350806137E+00 0.367550981E+00 0.384766270E+00 0.402449522E+00 0.420598203E+00
 0.439209721E+00 0.458281432E+00 0.477810640E+00 0.497794598E+00 0.518230508E+00
 0.539115527E+00 0.560446760E+00 0.582221270E+00 0.604436075E+00 0.627088149E+00
 0.650174425E+00 0.673691796E+00 0.697637114E+00 0.722007197E+00 0.746798823E+00
 0.772008737E+00 0.797633652E+00 0.823670245E+00 0.850115165E+00 0.876965032E+00
 0.904216436E+00 0.931865942E+00 0.959910089E+00 0.988345391E+00 0.101716834E+01
 0.104637541E+01 0.107596305E+01 0.106828322E+01 0.103867291E+01 0.100944340E+01
 0.980598219E+00 0.952140918E+00 0.924075005E+00 0.896403971E+00 0.869131283E+00
 0.842260381E+00 0.815794680E+00 0.789737565E+00 0.764092395E+00 0.738862496E+00
 0.714051160E+00 0.689661649E+00 0.665697188E+00 0.642160966E+00 0.619056135E+00
 0.596385808E+00 0.574153057E+00 0.552360912E+00 0.531012361E+00 0.510110346E+00
 0.489657766E+00 0.469657469E+00 0.450112259E+00 0.431024886E+00 0.412398051E+00
 0.394234404E+00 0.376536538E+00 0.359306996E+00 0.342548259E+00 0.326262756E+00
 0.310452855E+00 0.295120864E+00 0.280269032E+00 0.265899544E+00 0.252014523E+00
 0.238616029E+00 0.225706054E+00 0.213286527E+00 0.201359308E+00 0.189926189E+00
 0.178988893E+00 0.168549073E+00 0.158608311E+00 0.149168119E+00 0.140229933E+00
 0.131795120E+00 0.123864969E+00 0.116440697E+00 0.109523445E+00 0.103114278E+00
 0.972141832E-01 0.918240728E-01 0.869447803E-01 0.825770613E-01 0.787215931E-01
 0.753789742E-01 0.725497239E-01 0.702342821E-01 0.684330092E-01 0.671461854E-01
 0.663740112E-01 0.661166069E-01 0.663740126E-01 0.671461882E-01 0.684330134E-01
 0.702342879E-01 0.725497310E-01 0.753789828E-01 0.787216031E-01 0.825770727E-01
 0.869447931E-01 0.918240871E-01 0.972141989E-01 0.103114295E+00 0.109523464E+00
 0.116440717E+00 0.123864990E+00 0.131795143E+00 0.140229957E+00 0.149168144E+00
 0.158608338E+00 0.168549101E+00 0.178988922E+00 0.189926220E+00 0.201359340E+00
 0.213286561E+00 0.225706089E+00 0.238616065E+00 0.252014561E+00 0.265899583E+00
 0.280269072E+00 0.295120906E+00 0.310452898E+00 0.326262801E+00 0.342548305E+00
 0.359307043E+00 0.376536587E+00 0.394234453E+00 0.412398102E+00 0.431024938E+00
 0.450112312E+00 0.469657524E+00 0.489657822E+00 0.510110404E+00 0.531012419E+00
 0.552360972E+00 0.574153118E+00 0.596385871E+00 0.619056199E+00 0.642161031E+00
 0.665697254E+00 0.689661716E+00 0.714051228E+00 0.738862565E+00 0.764092466E+00
 0.789737637E+00 0.815794752E+00 0.842260455E+00 0.869131358E+00 0.896404048E+00
 0.924075083E+00 0.952140996E+00 0.980598299E+00 0.100944348E+01 0.103867299E+01
 0.106828330E+01 0.106106355E+01 0.103143192E+01 0.100218128E+01 0.973315194E+00
 0.944837193E+00 0.916750799E+00 0.889059508E+00 0.861766792E+00 0.834876097E+00
 0.808390841E+00 0.782314417E+00 0.756650187E+00 0.731401481E+00 0.706571598E+00
 0.682163805E+00 0.658181330E+00 0.634627370E+00 0.611505079E+00 0.588817575E+00
 0.566567936E+00 0.544759196E+00 0.523394348E+00 0.502476340E+00 0.482008072E+00
 0.461992400E+00 0.442432130E+00 0.423330018E+00 0.404688769E+00 0.386511037E+00
 0.368799420E+00 0.351556462E+00 0.334784653E+00 0.318486422E+00 0.302664142E+00
 0.287320125E+00 0.272456624E+00 0.258075827E+00 0.244179861E+00 0.230770789E+00
 0.217850607E+00 0.205421246E+00 0.193484570E+00 0.182042373E+00 0.171096382E+00
 0.160648253E+00 0.150699570E+00 0.141251847E+00 0.132306524E+00 0.123864968E+00
 0.115928473E+00 0.108498256E+00 0.101575460E+00 0.951611523E-01 0.892563223E-01
 0.838618830E-01 0.789786696E-01 0.746074389E-01 0.707488695E-01 0.674035608E-01
 0.645720330E-01 0.622547268E-01 0.604520030E-01 0.591641427E-01 0.583913464E-01
 0.581337347E-01 0.583913478E-01 0.591641455E-01 0.604520073E-01 0.622547325E-01
 0.645720401E-01 0.674035694E-01 0.707488795E-01 0.746074504E-01 0.789786824E-01
 0.838618973E-01 0.892563380E-01 0.951611694E-01 0.101575479E+00 0.108498276E+00
 0.115928494E+00 0.123864991E+00 0.132306548E+00 0.141251873E+00 0.150699597E+00
 0.160648281E+00 0.171096412E+00 0.182042404E+00 0.193484602E+00 0.205421280E+00
 0.217850642E+00 0.230770825E+00 0.244179899E+00 0.258075866E+00 0.272456665E+00
 0.287320167E+00 0.302664185E+00 0.318486466E+00 0.334784699E+00 0.351556509E+00
 0.368799468E+00 0.386511087E+00 0.404688820E+00 0.423330070E+00 0.442432184E+00
 0.461992455E+00 0.482008128E+00 0.502476397E+00 0.523394407E+00 0.544759256E+00
 0.566567997E+00 0.588817637E+00 0.611505142E+00 0.634627434E+00 0.658181396E+00
 0.682163872E+00 0.706571667E+00 0.731401550E+00 0.756650257E+00 0.782314489E+00
 0.808390914E+00 0.834876171E+00 0.861766867E+00 0.889059585E+00 0.916750877E+00
 0.944837271E+00 0.973315273E+00 0.100218136E+01 0.103143201E+01 0.106106364E+01
 0.105430498E+01 0.102465337E+01 0.995382936E+00 0.966497251E+00 0.937999856E+00
 0.909894274E+00 0.882184005E+00 0.854872525E+00 0.827963284E+00 0.801459708E+00
 0.775365193E+00 0.749683104E+00 0.724416778E+00 0.699569519E+00 0.675144595E+00
 0.651145244E+00 0.627574662E+00 0.604436012E+00 0.581732415E+00 0.559466953E+00
 0.537642665E+00 0.516262547E+00 0.495329553E+00 0.474846587E+00 0.454816509E+00
 0.435242128E+00 0.416126206E+00 0.397471452E+00 0.379280522E+00 0.361556019E+00
 0.344300493E+00 0.327516434E+00 0.311206277E+00 0.295372398E+00 0.280017114E+00
 0.265142678E+00 0.250751285E+00 0.236845064E+00 0.223426080E+00 0.210496333E+00
 0.198057758E+00 0.186112220E+00 0.174661518E+00 0.163707380E+00 0.153251465E+00
 0.143295360E+00 0.133840580E+00 0.124888569E+00 0.116440696E+00 0.108498255E+00
 0.101062467E+00 0.941344771E-01 0.877153525E-01 0.818060853E-01 0.764075897E-01
 0.715207023E-01 0.671461811E-01 0.632847057E-01 0.599368765E-01 0.571032146E-01
 0.547841614E-01 0.529800782E-01 0.516912465E-01 0.509178673E-01 0.506600613E-01
 0.509178687E-01 0.516912494E-01 0.529800825E-01 0.547841671E-01 0.571032218E-01
 0.599368851E-01 0.632847157E-01 0.671461925E-01 0.715207151E-01 0.764076040E-01
 0.818061010E-01 0.877153696E-01 0.941344956E-01 0.101062487E+00 0.108498277E+00
 0.116440719E+00 0.124888594E+00 0.133840606E+00 0.143295387E+00 0.153251493E+00
 0.163707410E+00 0.174661549E+00 0.186112253E+00 0.198057792E+00 0.210496369E+00
 0.223426116E+00 0.236845102E+00 0.250751324E+00 0.265142719E+00 0.280017156E+00
 0.295372442E+00 0.311206322E+00 0.327516480E+00 0.344300540E+00 0.361556068E+00
 0.379280572E+00 0.397471503E+00 0.416126258E+00 0.435242182E+00 0.454816563E+00
 0.474846643E+00 0.495329610E+00 0.516262606E+00 0.537642725E+00 0.559467014E+00
 0.581732478E+00 0.604436076E+00 0.627574727E+00 0.651145310E+00 0.675144663E+00
 0.699569587E+00 0.724416848E+00 0.749683175E+00 0.775365264E+00 0.801459781E+00
 0.827963358E+00 0.854872600E+00 0.882184081E+00 0.909894352E+00 0.937999935E+00
 0.966497331E+00 0.995383016E+00 0.102465345E+01 0.105430506E+01 0.104800841E+01
 0.101833818E+01 0.989049296E+00 0.960145343E+00 0.931629867E+00 0.903506394E+00
 0.875778430E+00 0.848449455E+00 0.821522924E+00 0.795002267E+00 0.768890883E+00
 0.743192144E+00 0.717909389E+00 0.693045928E+00 0.668605034E+00 0.644589946E+00
 0.621003868E+00 0.597849964E+00 0.575131362E+00 0.552851146E+00 0.531012360E+00
 0.509618006E+00 0.488671038E+00 0.468174367E+00 0.448130856E+00 0.428543319E+00
 0.409414520E+00 0.390747173E+00 0.372543937E+00 0.354807420E+00 0.337540174E+00
 0.320744693E+00 0.304423416E+00 0.288578723E+00 0.273212931E+00 0.258328301E+00
 0.243927027E+00 0.230011243E+00 0.216583017E+00 0.203644352E+00 0.191197184E+00
 0.179243384E+00 0.167784751E+00 0.156823016E+00 0.146359841E+00 0.136396814E+00
 0.126935455E+00 0.117977208E+00 0.109523443E+00 0.101575459E+00 0.941344764E-01
 0.872016422E-01 0.807780262E-01 0.748646214E-01 0.694623435E-01 0.645720301E-01
 0.601944406E-01 0.563302555E-01 0.529800761E-01 0.501444242E-01 0.478237418E-01
 0.460183910E-01 0.447286536E-01 0.439547308E-01 0.436967436E-01 0.439547322E-01
 0.447286564E-01 0.460183953E-01 0.478237475E-01 0.501444313E-01 0.529800846E-01
 0.563302655E-01 0.601944521E-01 0.645720430E-01 0.694623578E-01 0.748646371E-01
 0.807780433E-01 0.872016607E-01 0.941344963E-01 0.101575480E+00 0.109523466E+00
 0.117977232E+00 0.126935481E+00 0.136396841E+00 0.146359869E+00 0.156823046E+00
 0.167784782E+00 0.179243416E+00 0.191197218E+00 0.203644387E+00 0.216583053E+00
 0.230011281E+00 0.243927066E+00 0.258328341E+00 0.273212973E+00 0.288578766E+00
 0.304423461E+00 0.320744739E+00 0.337540221E+00 0.354807469E+00 0.372543987E+00
 0.390747224E+00 0.409414573E+00 0.428543373E+00 0.448130911E+00 0.468174423E+00
 0.488671095E+00 0.509618064E+00 0.531012420E+00 0.552851207E+00 0.575131424E+00
 0.597850028E+00 0.621003932E+00 0.644590012E+00 0.668605101E+00 0.693045996E+00
 0.717909459E+00 0.743192214E+00 0.768890955E+00 0.795002340E+00 0.821522998E+00
 0.848449530E+00 0.875778506E+00 0.903506471E+00 0.931629945E+00 0.960145423E+00
 0.989049376E+00 0.101833826E+01 0.104800850E+01 0.104217474E+01 0.101248723E+01
 0.983181247E+00 0.954260358E+00 0.925728117E+00 0.897588058E+00 0.869843688E+00
 0.842498492E+00 0.815555931E+00 0.789019436E+00 0.762892413E+00 0.737178236E+00
 0.711880250E+00 0.687001767E+00 0.662546064E+00 0.638516386E+00 0.614915940E+00
 0.591747894E+00 0.569015379E+00 0.546721483E+00 0.524869256E+00 0.503461701E+00
 0.482501777E+00 0.461992399E+00 0.441936434E+00 0.422336698E+00 0.403195960E+00
 0.384516936E+00 0.366302290E+00 0.348554633E+00 0.331276520E+00 0.314470449E+00
 0.298138861E+00 0.282284139E+00 0.266908606E+00 0.252014522E+00 0.237604086E+00
 0.223679435E+00 0.210242640E+00 0.197295706E+00 0.184840571E+00 0.172879109E+00
 0.161413122E+00 0.150444343E+00 0.139974436E+00 0.130004992E+00 0.120537532E+00
 0.111573502E+00 0.103114275E+00 0.951611502E-01 0.877153511E-01 0.807780255E-01
 0.743502448E-01 0.684330035E-01 0.630272183E-01 0.581337283E-01 0.537532936E-01
 0.498865959E-01 0.465342372E-01 0.436967400E-01 0.413745471E-01 0.395680209E-01
 0.382774436E-01 0.375030168E-01 0.372448616E-01 0.375030183E-01 0.382774465E-01
 0.395680252E-01 0.413745528E-01 0.436967472E-01 0.465342458E-01 0.498866059E-01
 0.537533051E-01 0.581337411E-01 0.630272326E-01 0.684330192E-01 0.743502619E-01
 0.807780440E-01 0.877153710E-01 0.951611715E-01 0.103114298E+00 0.111573526E+00
 0.120537558E+00 0.130005019E+00 0.139974464E+00 0.150444373E+00 0.161413153E+00
 0.172879142E+00 0.184840605E+00 0.197295741E+00 0.210242676E+00 0.223679473E+00
 0.237604126E+00 0.252014562E+00 0.266908648E+00 0.282284183E+00 0.298138906E+00
 0.314470495E+00 0.331276567E+00 0.348554682E+00 0.366302340E+00 0.384516987E+00
 0.403196012E+00 0.422336752E+00 0.441936489E+00 0.461992456E+00 0.482501835E+00
 0.503461759E+00 0.524869316E+00 0.546721545E+00 0.569015441E+00 0.591747958E+00
 0.614916005E+00 0.638516453E+00 0.662546132E+00 0.687001835E+00 0.711880320E+00
 0.737178307E+00 0.762892485E+00 0.789019509E+00 0.815556005E+00 0.842498568E+00
 0.869843764E+00 0.897588135E+00 0.925728196E+00 0.954260437E+00 0.983181328E+00
 0.101248732E+01 0.104217483E+01 0.103680477E+01 0.100710135E+01 0.977779610E+00
 0.948843119E+00 0.920295437E+00 0.892140099E+00 0.864380618E+00 0.837020482E+00
 0.810063154E+00 0.783512071E+00 0.757370642E+00 0.731642245E+00 0.706330228E+00
 0.681437908E+00 0.656968565E+00 0.632925447E+00 0.609311766E+00 0.586130692E+00
 0.563385361E+00 0.541078865E+00 0.519214256E+00 0.497794540E+00 0.476822682E+00
 0.456301599E+00 0.436234160E+00 0.416623187E+00 0.397471451E+00 0.378781671E+00
 0.360556515E+00 0.342798596E+00 0.325510472E+00 0.308694645E+00 0.292353559E+00
 0.276489600E+00 0.261105092E+00 0.246202300E+00 0.231783425E+00 0.217850606E+00
 0.204405916E+00 0.191451364E+00 0.178988891E+00 0.167020370E+00 0.155547609E+00
 0.144572341E+00 0.134096232E+00 0.124120877E+00 0.114647796E+00 0.105678439E+00
 0.972141797E-01 0.892563195E-01 0.818060832E-01 0.748646200E-01 0.684330027E-01
 0.625122271E-01 0.571032111E-01 0.522067946E-01 0.478237390E-01 0.439547265E-01
 0.406003602E-01 0.377611632E-01 0.354375787E-01 0.336299697E-01 0.323386187E-01
 0.315637276E-01 0.313054175E-01 0.315637290E-01 0.323386216E-01 0.336299740E-01
 0.354375844E-01 0.377611703E-01 0.406003688E-01 0.439547365E-01 0.478237504E-01
 0.522068074E-01 0.571032253E-01 0.625122428E-01 0.684330199E-01 0.748646385E-01
 0.818061031E-01 0.892563408E-01 0.972142025E-01 0.105678463E+00 0.114647821E+00
 0.124120904E+00 0.134096261E+00 0.144572371E+00 0.155547640E+00 0.167020403E+00
 0.178988924E+00 0.191451399E+00 0.204405952E+00 0.217850644E+00 0.231783464E+00
 0.246202340E+00 0.261105134E+00 0.276489643E+00 0.292353604E+00 0.308694691E+00
 0.325510519E+00 0.342798645E+00 0.360556565E+00 0.378781722E+00 0.397471503E+00
 0.416623241E+00 0.436234216E+00 0.456301656E+00 0.476822740E+00 0.497794599E+00
 0.519214316E+00 0.541078926E+00 0.563385423E+00 0.586130756E+00 0.609311830E+00
 0.632925514E+00 0.656968632E+00 0.681437976E+00 0.706330298E+00 0.731642316E+00
 0.757370714E+00 0.783512144E+00 0.810063228E+00 0.837020557E+00 0.864380694E+00
 0.892140177E+00 0.920295516E+00 0.948843199E+00 0.977779691E+00 0.100710143E+01
 0.103680485E+01 0.103189924E+01 0.100218128E+01 0.972845139E+00 0.943894388E+00
 0.915332592E+00 0.887163288E+00 0.859389994E+00 0.832016201E+00 0.805045376E+00
 0.778480959E+00 0.752326361E+00 0.726584966E+00 0.701260124E+00 0.676355155E+00
 0.651873344E+00 0.627817942E+00 0.604192161E+00 0.580999180E+00 0.558242134E+00
 0.535924119E+00 0.514048191E+00 0.492617361E+00 0.471634594E+00 0.451102811E+00
 0.431024884E+00 0.411403639E+00 0.392241849E+00 0.373542237E+00 0.355307473E+00
 0.337540173E+00 0.320242899E+00 0.303418154E+00 0.287068385E+00 0.271195981E+00
 0.255803270E+00 0.240892517E+00 0.226465927E+00 0.212525641E+00 0.199073735E+00
 0.186112219E+00 0.173643037E+00 0.161668065E+00 0.150189110E+00 0.139207911E+00
 0.128726133E+00 0.118745373E+00 0.109267155E+00 0.100292928E+00 0.918240685E-01
 0.838618795E-01 0.764075869E-01 0.694623414E-01 0.630272169E-01 0.571032103E-01
 0.516912408E-01 0.467921491E-01 0.424066975E-01 0.385355691E-01 0.351793675E-01
 0.323386165E-01 0.300137599E-01 0.282051611E-01 0.269131028E-01 0.261377872E-01
 0.258793357E-01 0.261377887E-01 0.269131057E-01 0.282051654E-01 0.300137657E-01
 0.323386237E-01 0.351793761E-01 0.385355791E-01 0.424067089E-01 0.467921620E-01
 0.516912551E-01 0.571032261E-01 0.630272340E-01 0.694623599E-01 0.764076069E-01
 0.838619009E-01 0.918240913E-01 0.100292952E+00 0.109267180E+00 0.118745400E+00
 0.128726161E+00 0.139207940E+00 0.150189141E+00 0.161668098E+00 0.173643071E+00
 0.186112254E+00 0.199073772E+00 0.212525679E+00 0.226465967E+00 0.240892558E+00
 0.255803312E+00 0.271196025E+00 0.287068430E+00 0.303418200E+00 0.320242946E+00
 0.337540222E+00 0.355307523E+00 0.373542288E+00 0.392241902E+00 0.411403693E+00
 0.431024939E+00 0.451102867E+00 0.471634651E+00 0.492617420E+00 0.514048252E+00
 0.535924181E+00 0.558242196E+00 0.580999244E+00 0.604192226E+00 0.627818008E+00
 0.651873411E+00 0.676355224E+00 0.701260194E+00 0.726585037E+00 0.752326433E+00
 0.778481032E+00 0.805045450E+00 0.832016276E+00 0.859390070E+00 0.887163366E+00
 0.915332671E+00 0.943894468E+00 0.972845220E+00 0.100218137E+01 0.103189932E+01
 0.102745884E+01 0.997727713E+00 0.968378525E+00 0.939414860E+00 0.910840280E+00
 0.882658328E+00 0.854872524E+00 0.827486362E+00 0.800503312E+00 0.773926819E+00
 0.747760295E+00 0.722007127E+00 0.696670670E+00 0.671754245E+00 0.647261142E+00
 0.623194612E+00 0.599557875E+00 0.576354108E+00 0.553586451E+00 0.531258005E+00
 0.509371826E+00 0.487930928E+00 0.466938280E+00 0.446396805E+00 0.426309380E+00
 0.406678832E+00 0.387507936E+00 0.368799418E+00 0.350555952E+00 0.332780156E+00
 0.315474593E+00 0.298641771E+00 0.282284139E+00 0.266404086E+00 0.251003944E+00
 0.236085981E+00 0.221652404E+00 0.207705355E+00 0.194246912E+00 0.181279089E+00
 0.168803830E+00 0.156823014E+00 0.145338451E+00 0.134351878E+00 0.123864966E+00
 0.113879311E+00 0.104396439E+00 0.954178008E-01 0.869447753E-01 0.789786653E-01
 0.715206987E-01 0.645720273E-01 0.581337261E-01 0.522067931E-01 0.467921484E-01
 0.418906336E-01 0.375030118E-01 0.336299668E-01 0.302721029E-01 0.274299445E-01
 0.251039356E-01 0.232944402E-01 0.220017413E-01 0.212260412E-01 0.209674615E-01
 0.212260427E-01 0.220017441E-01 0.232944445E-01 0.251039414E-01 0.274299516E-01
 0.302721115E-01 0.336299769E-01 0.375030233E-01 0.418906465E-01 0.467921627E-01
 0.522068089E-01 0.581337433E-01 0.645720458E-01 0.715207187E-01 0.789786867E-01
 0.869447981E-01 0.954178250E-01 0.104396464E+00 0.113879338E+00 0.123864994E+00
 0.134351908E+00 0.145338482E+00 0.156823047E+00 0.168803864E+00 0.181279124E+00
 0.194246949E+00 0.207705393E+00 0.221652443E+00 0.236086022E+00 0.251003986E+00
 0.266404130E+00 0.282284183E+00 0.298641817E+00 0.315474641E+00 0.332780205E+00
 0.350556002E+00 0.368799470E+00 0.387507988E+00 0.406678885E+00 0.426309435E+00
 0.446396862E+00 0.466938337E+00 0.487930986E+00 0.509371886E+00 0.531258066E+00
 0.553586514E+00 0.576354172E+00 0.599557940E+00 0.623194679E+00 0.647261209E+00
 0.671754314E+00 0.696670740E+00 0.722007198E+00 0.747760367E+00 0.773926892E+00
 0.800503387E+00 0.827486437E+00 0.854872600E+00 0.882658406E+00 0.910840359E+00
 0.939414940E+00 0.968378606E+00 0.997727795E+00 0.102745892E+01 0.102348418E+01
 0.993741264E+00 0.964380395E+00 0.935405163E+00 0.906819136E+00 0.878625857E+00
 0.850828849E+00 0.823431610E+00 0.796437613E+00 0.769850304E+00 0.743673099E+00
 0.717909389E+00 0.692562529E+00 0.667635845E+00 0.643132628E+00 0.619056134E+00
 0.595409583E+00 0.572196157E+00 0.549418998E+00 0.527081209E+00 0.505185849E+00
 0.483735934E+00 0.462734437E+00 0.442184284E+00 0.422088352E+00 0.402449471E+00
 0.383270420E+00 0.364553927E+00 0.346302667E+00 0.328519261E+00 0.311206276E+00
 0.294366219E+00 0.278001544E+00 0.262114642E+00 0.246707845E+00 0.231783424E+00
 0.217343588E+00 0.203390482E+00 0.189926186E+00 0.176952714E+00 0.164472013E+00
 0.152485963E+00 0.140996376E+00 0.130004991E+00 0.119513480E+00 0.109523441E+00
 0.100036401E+00 0.910538127E-01 0.825770556E-01 0.746074339E-01 0.671461768E-01
 0.601944371E-01 0.537532908E-01 0.478237368E-01 0.424066961E-01 0.375030111E-01
 0.331134456E-01 0.292386841E-01 0.258793314E-01 0.230359123E-01 0.207088715E-01
 0.188985731E-01 0.176053004E-01 0.168292560E-01 0.165705615E-01 0.168292575E-01
 0.176053033E-01 0.188985774E-01 0.207088773E-01 0.230359195E-01 0.258793400E-01
 0.292386941E-01 0.331134571E-01 0.375030240E-01 0.424067104E-01 0.478237525E-01
 0.537533079E-01 0.601944556E-01 0.671461968E-01 0.746074554E-01 0.825770784E-01
 0.910538369E-01 0.100036427E+00 0.109523468E+00 0.119513508E+00 0.130005021E+00
 0.140996407E+00 0.152485996E+00 0.164472047E+00 0.176952749E+00 0.189926223E+00
 0.203390520E+00 0.217343628E+00 0.231783465E+00 0.246707887E+00 0.262114685E+00
 0.278001589E+00 0.294366266E+00 0.311206323E+00 0.328519310E+00 0.346302717E+00
 0.364553978E+00 0.383270472E+00 0.402449524E+00 0.422088407E+00 0.442184340E+00
 0.462734495E+00 0.483735993E+00 0.505185909E+00 0.527081270E+00 0.549419061E+00
 0.572196221E+00 0.595409648E+00 0.619056200E+00 0.643132695E+00 0.667635913E+00
 0.692562599E+00 0.717909460E+00 0.743673171E+00 0.769850377E+00 0.796437687E+00
 0.823431686E+00 0.850828926E+00 0.878625935E+00 0.906819215E+00 0.935405243E+00
 0.964380476E+00 0.993741346E+00 0.102348427E+01 0.101997583E+01 0.990222493E+00
 0.960851309E+00 0.931865864E+00 0.903269727E+00 0.875066446E+00 0.847259544E+00
 0.819852524E+00 0.792848859E+00 0.766251999E+00 0.740065362E+00 0.714292342E+00
 0.688936295E+00 0.664000551E+00 0.639488404E+00 0.615403110E+00 0.591747893E+00
 0.568525937E+00 0.545740387E+00 0.523394347E+00 0.501490879E+00 0.480033003E+00
 0.459023691E+00 0.438465873E+00 0.418362428E+00 0.398716189E+00 0.379529936E+00
 0.360806400E+00 0.342548257E+00 0.324758132E+00 0.307438591E+00 0.290592146E+00
 0.274221251E+00 0.258328299E+00 0.242915625E+00 0.227985502E+00 0.213540140E+00
 0.199581684E+00 0.186112218E+00 0.173133757E+00 0.160648250E+00 0.148657578E+00
 0.137163554E+00 0.126167920E+00 0.115672348E+00 0.105678437E+00 0.961877163E-01
 0.872016393E-01 0.787215867E-01 0.707488638E-01 0.632847007E-01 0.563302512E-01
 0.498865923E-01 0.439547237E-01 0.385355669E-01 0.336299654E-01 0.292386834E-01
 0.253624060E-01 0.220017384E-01 0.191572061E-01 0.168292539E-01 0.150182463E-01
 0.137244669E-01 0.129481184E-01 0.126893226E-01 0.129481199E-01 0.137244698E-01
 0.150182506E-01 0.168292596E-01 0.191572132E-01 0.220017470E-01 0.253624160E-01
 0.292386949E-01 0.336299783E-01 0.385355813E-01 0.439547394E-01 0.498866095E-01
 0.563302698E-01 0.632847207E-01 0.707488852E-01 0.787216095E-01 0.872016636E-01
 0.961877419E-01 0.105678464E+00 0.115672376E+00 0.126167950E+00 0.137163585E+00
 0.148657611E+00 0.160648284E+00 0.173133793E+00 0.186112255E+00 0.199581722E+00
 0.213540179E+00 0.227985543E+00 0.242915667E+00 0.258328343E+00 0.274221296E+00
 0.290592192E+00 0.307438638E+00 0.324758180E+00 0.342548307E+00 0.360806451E+00
 0.379529988E+00 0.398716243E+00 0.418362483E+00 0.438465929E+00 0.459023749E+00
 0.480033061E+00 0.501490939E+00 0.523394408E+00 0.545740450E+00 0.568526001E+00
 0.591747958E+00 0.615403176E+00 0.639488471E+00 0.664000620E+00 0.688936365E+00
 0.714292412E+00 0.740065435E+00 0.766252072E+00 0.792848933E+00 0.819852599E+00
 0.847259621E+00 0.875066523E+00 0.903269806E+00 0.931865944E+00 0.960851390E+00
 0.990222575E+00 0.101997591E+01 0.101693426E+01 0.987171893E+00 0.957791763E+00
 0.928797460E+00 0.900192556E+00 0.871980599E+00 0.844165118E+00 0.816749613E+00
 0.789737564E+00 0.763132420E+00 0.736937604E+00 0.711156508E+00 0.685792495E+00
 0.660848894E+00 0.636329000E+00 0.612236074E+00 0.588573342E+00 0.565343988E+00
 0.542551160E+00 0.520197964E+00 0.498287464E+00 0.476822682E+00 0.455806593E+00
 0.435242127E+00 0.415132166E+00 0.395479545E+00 0.376287046E+00 0.357557401E+00
 0.339293289E+00 0.321497335E+00 0.304172109E+00 0.287320123E+00 0.270943833E+00
 0.255045635E+00 0.239627864E+00 0.224692794E+00 0.210242638E+00 0.196279544E+00
 0.182805594E+00 0.169822806E+00 0.157333130E+00 0.145338450E+00 0.133840578E+00
 0.122841258E+00 0.112342163E+00 0.102344894E+00 0.928509809E-01 0.838618780E-01
 0.753789671E-01 0.674035544E-01 0.599368708E-01 0.529800711E-01 0.465342329E-01
 0.406003566E-01 0.351793646E-01 0.302721008E-01 0.258793300E-01 0.220017377E-01
 0.186399297E-01 0.157944318E-01 0.134656891E-01 0.116540665E-01 0.103598476E-01
 0.958323537E-02 0.932435158E-02 0.958323680E-02 0.103598505E-01 0.116540708E-01
 0.134656949E-01 0.157944390E-01 0.186399384E-01 0.220017477E-01 0.258793414E-01
 0.302721137E-01 0.351793790E-01 0.406003724E-01 0.465342500E-01 0.529800896E-01
 0.599368908E-01 0.674035758E-01 0.753789899E-01 0.838619023E-01 0.928510065E-01
 0.102344921E+00 0.112342191E+00 0.122841287E+00 0.133840609E+00 0.145338482E+00
 0.157333164E+00 0.169822841E+00 0.182805631E+00 0.196279582E+00 0.210242678E+00
 0.224692835E+00 0.239627906E+00 0.255045678E+00 0.270943878E+00 0.287320169E+00
 0.304172156E+00 0.321497384E+00 0.339293339E+00 0.357557452E+00 0.376287098E+00
 0.395479599E+00 0.415132221E+00 0.435242183E+00 0.455806650E+00 0.476822741E+00
 0.498287524E+00 0.520198025E+00 0.542551222E+00 0.565344052E+00 0.588573407E+00
 0.612236141E+00 0.636329067E+00 0.660848962E+00 0.685792565E+00 0.711156579E+00
 0.736937676E+00 0.763132493E+00 0.789737639E+00 0.816749689E+00 0.844165194E+00
 0.871980677E+00 0.900192634E+00 0.928797540E+00 0.957791844E+00 0.987171975E+00
 0.101693434E+01 0.101435991E+01 0.984589891E+00 0.955202187E+00 0.926200384E+00
 0.897588057E+00 0.869368756E+00 0.841546009E+00 0.814123322E+00 0.787104174E+00
 0.760492017E+00 0.734290275E+00 0.708502342E+00 0.683131583E+00 0.658181329E+00
 0.633654877E+00 0.609555490E+00 0.585886394E+00 0.562650776E+00 0.539851786E+00
 0.517492531E+00 0.495576078E+00 0.474105448E+00 0.453083621E+00 0.432513526E+00
 0.412398049E+00 0.392740024E+00 0.373542236E+00 0.354807419E+00 0.336538253E+00
 0.318737364E+00 0.301407324E+00 0.284550647E+00 0.268169789E+00 0.252267149E+00
 0.236845062E+00 0.221905804E+00 0.207451590E+00 0.193484567E+00 0.180006821E+00
 0.167020369E+00 0.154527164E+00 0.142529089E+00 0.131027959E+00 0.120025518E+00
 0.109523440E+00 0.995233286E-01 0.900267121E-01 0.810350472E-01 0.725497161E-01
 0.645720258E-01 0.571032082E-01 0.501444184E-01 0.436967350E-01 0.377611589E-01
 0.323386130E-01 0.274299416E-01 0.230359102E-01 0.191572046E-01 0.157944311E-01
 0.129481155E-01 0.106187036E-01 0.880656011E-02 0.751196910E-02 0.673513356E-02
 0.647617532E-02 0.673513500E-02 0.751197198E-02 0.880656442E-02 0.106187093E-01
 0.129481227E-01 0.157944397E-01 0.191572147E-01 0.230359216E-01 0.274299545E-01
 0.323386273E-01 0.377611746E-01 0.436967522E-01 0.501444370E-01 0.571032282E-01
 0.645720473E-01 0.725497389E-01 0.810350715E-01 0.900267377E-01 0.995233556E-01
 0.109523469E+00 0.120025548E+00 0.131027990E+00 0.142529121E+00 0.154527198E+00
 0.167020404E+00 0.180006857E+00 0.193484605E+00 0.207451629E+00 0.221905845E+00
 0.236845104E+00 0.252267192E+00 0.268169834E+00 0.284550693E+00 0.301407372E+00
 0.318737413E+00 0.336538303E+00 0.354807470E+00 0.373542289E+00 0.392740078E+00
 0.412398104E+00 0.432513583E+00 0.453083678E+00 0.474105507E+00 0.495576138E+00
 0.517492592E+00 0.539851848E+00 0.562650840E+00 0.585886459E+00 0.609555556E+00
 0.633654945E+00 0.658181398E+00 0.683131653E+00 0.708502413E+00 0.734290347E+00
 0.760492090E+00 0.787104249E+00 0.814123398E+00 0.841546086E+00 0.869368833E+00
 0.897588136E+00 0.926200464E+00 0.955202268E+00 0.984589973E+00 0.101435999E+01
 0.101225312E+01 0.982476850E+00 0.953082945E+00 0.924075004E+00 0.895456600E+00
 0.867231286E+00 0.839402593E+00 0.811974026E+00 0.784949067E+00 0.758331168E+00
 0.732123757E+00 0.706330228E+00 0.680953947E+00 0.655998246E+00 0.631466426E+00
 0.607361749E+00 0.583687443E+00 0.560446698E+00 0.537642663E+00 0.515278449E+00
 0.493357122E+00 0.471881706E+00 0.450855181E+00 0.430280479E+00 0.410160485E+00
 0.390498037E+00 0.371295920E+00 0.352556868E+00 0.334283565E+00 0.316478636E+00
 0.299144656E+00 0.282284138E+00 0.265899541E+00 0.249993264E+00 0.234567644E+00
 0.219624958E+00 0.205167421E+00 0.191197182E+00 0.177716328E+00 0.164726877E+00
 0.152230783E+00 0.140229929E+00 0.128726132E+00 0.117721136E+00 0.107216617E+00
 0.972141775E-01 0.877153482E-01 0.787215860E-01 0.702342736E-01 0.622547189E-01
 0.547841542E-01 0.478237354E-01 0.413745414E-01 0.354375737E-01 0.300137556E-01
 0.251039320E-01 0.207088686E-01 0.168292517E-01 0.134656877E-01 0.106187029E-01
 0.828874300E-02 0.647617317E-02 0.518127753E-02 0.440425917E-02 0.414523998E-02
 0.440426061E-02 0.518128040E-02 0.647617748E-02 0.828874875E-02 0.106187101E-01
 0.134656963E-01 0.168292618E-01 0.207088801E-01 0.251039450E-01 0.300137700E-01
 0.354375894E-01 0.413745586E-01 0.478237540E-01 0.547841742E-01 0.622547404E-01
 0.702342964E-01 0.787216102E-01 0.877153739E-01 0.972142046E-01 0.107216645E+00
 0.117721166E+00 0.128726163E+00 0.140229962E+00 0.152230817E+00 0.164726913E+00
 0.177716365E+00 0.191197220E+00 0.205167460E+00 0.219624999E+00 0.234567686E+00
 0.249993307E+00 0.265899586E+00 0.282284184E+00 0.299144703E+00 0.316478685E+00
 0.334283615E+00 0.352556920E+00 0.371295972E+00 0.390498091E+00 0.410160540E+00
 0.430280535E+00 0.450855238E+00 0.471881765E+00 0.493357182E+00 0.515278510E+00
 0.537642726E+00 0.560446762E+00 0.583687508E+00 0.607361815E+00 0.631466493E+00
 0.655998315E+00 0.680954017E+00 0.706330299E+00 0.732123829E+00 0.758331242E+00
 0.784949141E+00 0.811974102E+00 0.839402670E+00 0.867231364E+00 0.895456679E+00
 0.924075084E+00 0.953083026E+00 0.982476932E+00 0.101225321E+01 0.101061421E+01
 0.980833066E+00 0.951434337E+00 0.922421619E+00 0.893798486E+00 0.865568494E+00
 0.837735174E+00 0.810302032E+00 0.783272551E+00 0.756650186E+00 0.730438362E+00
 0.704640479E+00 0.679259901E+00 0.654299963E+00 0.629763965E+00 0.605655173E+00
 0.581976814E+00 0.558732078E+00 0.535924119E+00 0.513556045E+00 0.491630926E+00
 0.470151786E+00 0.449121605E+00 0.428543318E+00 0.408419810E+00 0.388753920E+00
 0.369548434E+00 0.350806088E+00 0.332529565E+00 0.314721493E+00 0.297384446E+00
 0.280520940E+00 0.264133434E+00 0.248224326E+00 0.232795957E+00 0.217850604E+00
 0.203390482E+00 0.189417741E+00 0.175934468E+00 0.162942684E+00 0.150444341E+00
 0.138441325E+00 0.126935452E+00 0.115928469E+00 0.105422050E+00 0.954177994E-01
 0.859172482E-01 0.769218539E-01 0.684329999E-01 0.604519945E-01 0.529800703E-01
 0.460183839E-01 0.395680145E-01 0.336299640E-01 0.282051561E-01 0.232944359E-01
 0.188985695E-01 0.150182434E-01 0.116540643E-01 0.880655867E-02 0.647617245E-02
 0.466327087E-02 0.336813818E-02 0.259097757E-02 0.233191096E-02 0.259097900E-02
 0.336814106E-02 0.466327518E-02 0.647617820E-02 0.880656585E-02 0.116540729E-01
 0.150182534E-01 0.188985810E-01 0.232944488E-01 0.282051704E-01 0.336299797E-01
 0.395680317E-01 0.460184025E-01 0.529800904E-01 0.604520159E-01 0.684330227E-01
 0.769218782E-01 0.859172738E-01 0.954178264E-01 0.105422078E+00 0.115928499E+00
 0.126935484E+00 0.138441358E+00 0.150444375E+00 0.162942719E+00 0.175934505E+00
 0.189417779E+00 0.203390521E+00 0.217850645E+00 0.232796000E+00 0.248224370E+00
 0.264133478E+00 0.280520986E+00 0.297384493E+00 0.314721542E+00 0.332529615E+00
 0.350806139E+00 0.369548487E+00 0.388753974E+00 0.408419865E+00 0.428543374E+00
 0.449121663E+00 0.470151845E+00 0.491630986E+00 0.513556106E+00 0.535924181E+00
 0.558732142E+00 0.581976879E+00 0.605655239E+00 0.629764033E+00 0.654300032E+00
 0.679259971E+00 0.704640550E+00 0.730438434E+00 0.756650259E+00 0.783272626E+00
 0.810302108E+00 0.837735251E+00 0.865568572E+00 0.893798565E+00 0.922421699E+00
 0.951434418E+00 0.980833148E+00 0.101061429E+01 0.100944339E+01 0.979658770E+00
 0.950256594E+00 0.921240462E+00 0.892613952E+00 0.864380617E+00 0.836543990E+00
 0.809107580E+00 0.782074868E+00 0.755449311E+00 0.729234335E+00 0.703433340E+00
 0.678049693E+00 0.653086727E+00 0.628547745E+00 0.604436011E+00 0.580754756E+00
 0.557507170E+00 0.534696406E+00 0.512325574E+00 0.490397745E+00 0.468915944E+00
 0.447883152E+00 0.427302303E+00 0.407176285E+00 0.387507935E+00 0.368300042E+00
 0.349555342E+00 0.331276518E+00 0.313466201E+00 0.296126963E+00 0.279261321E+00
 0.262871736E+00 0.246960607E+00 0.231530274E+00 0.216583014E+00 0.202121045E+00
 0.188146516E+00 0.174661515E+00 0.161668064E+00 0.149168114E+00 0.137163554E+00
 0.125656198E+00 0.114647794E+00 0.104140017E+00 0.941344728E-01 0.846326913E-01
 0.756361310E-01 0.671461754E-01 0.591641334E-01 0.516912379E-01 0.447286457E-01
 0.382774365E-01 0.323386122E-01 0.269130971E-01 0.220017363E-01 0.176052961E-01
 0.137244633E-01 0.103598447E-01 0.751196695E-02 0.518127609E-02 0.336813747E-02
 0.207283541E-02 0.129557315E-02 0.103647265E-02 0.129557459E-02 0.207283829E-02
 0.336814178E-02 0.518128184E-02 0.751197413E-02 0.103598533E-01 0.137244733E-01
 0.176053076E-01 0.220017492E-01 0.269131114E-01 0.323386280E-01 0.382774536E-01
 0.447286643E-01 0.516912579E-01 0.591641548E-01 0.671461982E-01 0.756361552E-01
 0.846327170E-01 0.941344999E-01 0.104140046E+00 0.114647824E+00 0.125656229E+00
 0.137163586E+00 0.149168148E+00 0.161668099E+00 0.174661552E+00 0.188146554E+00
 0.202121084E+00 0.216583055E+00 0.231530316E+00 0.246960651E+00 0.262871781E+00
 0.279261368E+00 0.296127010E+00 0.313466250E+00 0.331276569E+00 0.349555393E+00
 0.368300095E+00 0.387507989E+00 0.407176340E+00 0.427302359E+00 0.447883210E+00
 0.468916003E+00 0.490397806E+00 0.512325636E+00 0.534696468E+00 0.557507234E+00
 0.580754821E+00 0.604436077E+00 0.628547812E+00 0.653086796E+00 0.678049762E+00
 0.703433411E+00 0.729234407E+00 0.755449384E+00 0.782074942E+00 0.809107655E+00
 0.836544067E+00 0.864380695E+00 0.892614031E+00 0.921240542E+00 0.950256675E+00
 0.979658852E+00 0.100944348E+01 0.100874084E+01 0.978954126E+00 0.949549881E+00
 0.920531701E+00 0.891903164E+00 0.863667823E+00 0.835829212E+00 0.808390840E+00
 0.781356189E+00 0.754728716E+00 0.728511849E+00 0.702708987E+00 0.677323497E+00
 0.652358715E+00 0.627817941E+00 0.603704442E+00 0.580021449E+00 0.556772152E+00
 0.533959705E+00 0.511587219E+00 0.489657764E+00 0.468174366E+00 0.447140006E+00
 0.426557620E+00 0.406430095E+00 0.386760269E+00 0.367550932E+00 0.348804819E+00
 0.330524615E+00 0.312712949E+00 0.295372396E+00 0.278505474E+00 0.262114641E+00
 0.246202298E+00 0.230770786E+00 0.215822383E+00 0.201359305E+00 0.187383703E+00
 0.173897665E+00 0.160903213E+00 0.148402300E+00 0.136396812E+00 0.124888566E+00
 0.113879309E+00 0.103370718E+00 0.933643972E-01 0.838618773E-01 0.748646171E-01
 0.663740005E-01 0.583913364E-01 0.509178580E-01 0.439547222E-01 0.375030089E-01
 0.315637204E-01 0.261377808E-01 0.212260355E-01 0.168292510E-01 0.129481141E-01
 0.958323178E-02 0.673513069E-02 0.440425701E-02 0.259097613E-02 0.129557243E-02
 0.518249164E-03 0.259128331E-03 0.518250602E-03 0.129557530E-02 0.259098044E-02
 0.440426276E-02 0.673513787E-02 0.958324040E-02 0.129481242E-01 0.168292625E-01
 0.212260484E-01 0.261377951E-01 0.315637362E-01 0.375030261E-01 0.439547408E-01
 0.509178780E-01 0.583913578E-01 0.663740234E-01 0.748646414E-01 0.838619030E-01
 0.933644242E-01 0.103370747E+00 0.113879339E+00 0.124888597E+00 0.136396844E+00
 0.148402334E+00 0.160903248E+00 0.173897702E+00 0.187383741E+00 0.201359344E+00
 0.215822424E+00 0.230770828E+00 0.246202342E+00 0.262114686E+00 0.278505520E+00
 0.295372444E+00 0.312712998E+00 0.330524665E+00 0.348804870E+00 0.367550984E+00
 0.386760323E+00 0.406430150E+00 0.426557676E+00 0.447140064E+00 0.468174425E+00
 0.489657824E+00 0.511587281E+00 0.533959768E+00 0.556772216E+00 0.580021514E+00
 0.603704509E+00 0.627818008E+00 0.652358783E+00 0.677323567E+00 0.702709058E+00
 0.728511922E+00 0.754728790E+00 0.781356264E+00 0.808390916E+00 0.835829289E+00
 0.863667901E+00 0.891903243E+00 0.920531781E+00 0.949549962E+00 0.978954208E+00
 0.100874092E+01 0.100850664E+01 0.978719234E+00 0.949314299E+00 0.920295437E+00
 0.891666223E+00 0.863430214E+00 0.835590942E+00 0.808151915E+00 0.781116618E+00
 0.754488507E+00 0.728271009E+00 0.702467525E+00 0.677081420E+00 0.652116032E+00
 0.627574661E+00 0.603460574E+00 0.579777001E+00 0.556527134E+00 0.533714126E+00
 0.511341088E+00 0.489411091E+00 0.467927161E+00 0.446892278E+00 0.426309380E+00
 0.406181352E+00 0.386511035E+00 0.367301216E+00 0.348554632E+00 0.330273968E+00
 0.312461853E+00 0.295120861E+00 0.278253512E+00 0.261862263E+00 0.245949516E+00
 0.230517611E+00 0.215568826E+00 0.201105378E+00 0.187129419E+00 0.173643036E+00
 0.160648250E+00 0.148147015E+00 0.136141218E+00 0.124632675E+00 0.113623135E+00
 0.103114272E+00 0.931076920E-01 0.836049260E-01 0.746074325E-01 0.661165955E-01
 0.581337240E-01 0.506600513E-01 0.436967343E-01 0.372448530E-01 0.313054097E-01
 0.258793285E-01 0.209674551E-01 0.165705558E-01 0.126893175E-01 0.932434727E-02
 0.647617173E-02 0.414523711E-02 0.233190880E-02 0.103647121E-02 0.259127612E-03
-0.876694336E-12 0.259129050E-03 0.103647409E-02 0.233191311E-02 0.414524286E-02
 0.647617892E-02 0.932435589E-02 0.126893276E-01 0.165705673E-01 0.209674680E-01
 0.258793429E-01 0.313054254E-01 0.372448702E-01 0.436967529E-01 0.506600713E-01
 0.581337454E-01 0.661166184E-01 0.746074568E-01 0.836049517E-01 0.931077190E-01
 0.103114301E+00 0.113623165E+00 0.124632707E+00 0.136141250E+00 0.148147049E+00
 0.160648285E+00 0.173643072E+00 0.187129457E+00 0.201105418E+00 0.215568867E+00
 0.230517653E+00 0.245949559E+00 0.261862308E+00 0.278253558E+00 0.295120909E+00
 0.312461902E+00 0.330274018E+00 0.348554683E+00 0.367301268E+00 0.386511089E+00
 0.406181407E+00 0.426309436E+00 0.446892336E+00 0.467927220E+00 0.489411151E+00
 0.511341150E+00 0.533714189E+00 0.556527198E+00 0.579777066E+00 0.603460641E+00
 0.627574729E+00 0.652116101E+00 0.677081490E+00 0.702467596E+00 0.728271081E+00
 0.754488580E+00 0.781116693E+00 0.808151991E+00 0.835591018E+00 0.863430292E+00
 0.891666302E+00 0.920295517E+00 0.949314380E+00 0.978719316E+00 0.100850673E+01
 0.100874084E+01 0.978954126E+00 0.949549881E+00 0.920531701E+00 0.891903164E+00
 0.863667823E+00 0.835829212E+00 0.808390840E+00 0.781356189E+00 0.754728716E+00
 0.728511849E+00 0.702708987E+00 0.677323497E+00 0.652358715E+00 0.627817941E+00
 0.603704442E+00 0.580021449E+00 0.556772152E+00 0.533959705E+00 0.511587219E+00
 0.489657764E+00 0.468174366E+00 0.447140006E+00 0.426557620E+00 0.406430095E+00
 0.386760269E+00 0.367550932E+00 0.348804819E+00 0.330524615E+00 0.312712949E+00
 0.295372396E+00 0.278505474E+00 0.262114641E+00 0.246202298E+00 0.230770786E+00
 0.215822383E+00 0.201359305E+00 0.187383703E+00 0.173897665E+00 0.160903213E+00
 0.148402300E+00 0.136396812E+00 0.124888566E+00 0.113879309E+00 0.103370718E+00
 0.933643972E-01 0.838618773E-01 0.748646171E-01 0.663740005E-01 0.583913364E-01
 0.509178580E-01 0.439547222E-01 0.375030089E-01 0.315637204E-01 0.261377808E-01
 0.212260355E-01 0.168292510E-01 0.129481141E-01 0.958323178E-02 0.673513069E-02
 0.440425701E-02 0.259097613E-02 0.129557243E-02 0.518249164E-03 0.259128331E-03
 0.518250602E-03 0.129557530E-02 0.259098044E-02 0.440426276E-02 0.673513787E-02
 0.958324040E-02 0.129481242E-01 0.168292625E-01 0.212260484E-01 0.261377951E-01
 0.315637362E-01 0.375030261E-01 0.439547408E-01 0.509178780E-01 0.583913578E-01
 0.663740234E-01 0.748646414E-01 0.838619030E-01 0.933644242E-01 0.103370747E+00
 0.113879339E+00 0.124888597E+00 0.136396844E+00 0.148402334E+00 0.160903248E+00
 0.173897702E+00 0.187383741E+00 0.201359344E+00 0.215822424E+00 0.230770828E+00
 0.246202342E+00 0.262114686E+00 0.278505520E+00 0.295372444E+00 0.312712998E+00
 0.330524665E+00 0.348804870E+00 0.367550984E+00 0.386760323E+00 0.406430150E+00
 0.426557676E+00 0.447140064E+00 0.468174425E+00 0.489657824E+00 0.511587281E+00
 0.533959768E+00 0.556772216E+00 0.580021514E+00 0.603704509E+00 0.627818008E+00
 0.652358783E+00 0.677323567E+00 0.702709058E+00 0.728511922E+00 0.754728790E+00
 0.781356264E+00 0.808390916E+00 0.835829289E+00 0.863667901E+00 0.891903243E+00
 0.920531781E+00 0.949549962E+00 0.978954208E+00 0.100874092E+01 0.100944339E+01
 0.979658770E+00 0.950256594E+00 0.921240462E+00 0.892613952E+00 0.864380617E+00
 0.836543990E+00 0.809107580E+00 0.782074868E+00 0.755449311E+00 0.729234335E+00
 0.703433340E+00 0.678049693E+00 0.653086727E+00 0.628547745E+00 0.604436011E+00
 0.580754756E+00 0.557507170E+00 0.534696406E+00 0.512325574E+00 0.490397745E+00
 0.468915944E+00 0.447883152E+00 0.427302303E+00 0.407176285E+00 0.387507935E+00
 0.368300042E+00 0.349555342E+00 0.331276518E+00 0.313466201E+00 0.296126963E+00
 0.279261321E+00 0.262871736E+00 0.246960607E+00 0.231530274E+00 0.216583014E+00
 0.202121045E+00 0.188146516E+00 0.174661515E+00 0.161668064E+00 0.149168114E+00
 0.137163554E+00 0.125656198E+00 0.114647794E+00 0.104140017E+00 0.941344728E-01
 0.846326913E-01 0.756361310E-01 0.671461754E-01 0.591641334E-01 0.516912379E-01
 0.447286457E-01 0.382774365E-01 0.323386122E-01 0.269130971E-01 0.220017363E-01
 0.176052961E-01 0.137244633E-01 0.103598447E-01 0.751196695E-02 0.518127609E-02
 0.336813747E-02 0.207283541E-02 0.129557315E-02 0.103647265E-02 0.129557459E-02
 0.207283829E-02 0.336814178E-02 0.518128184E-02 0.751197413E-02 0.103598533E-01
 0.137244733E-01 0.176053076E-01 0.220017492E-01 0.269131114E-01 0.323386280E-01
 0.382774536E-01 0.447286643E-01 0.516912579E-01 0.591641548E-01 0.671461982E-01
 0.756361552E-01 0.846327170E-01 0.941344999E-01 0.104140046E+00 0.114647824E+00
 0.125656229E+00 0.137163586E+00 0.149168148E+00 0.161668099E+00 0.174661552E+00
 0.188146554E+00 0.202121084E+00 0.216583055E+00 0.231530316E+00 0.246960651E+00
 0.262871781E+00 0.279261368E+00 0.296127010E+00 0.313466250E+00 0.331276569E+00
 0.349555393E+00 0.368300095E+00 0.387507989E+00 0.407176340E+00 0.427302359E+00
 0.447883210E+00 0.468916003E+00 0.490397806E+00 0.512325636E+00 0.534696468E+00
 0.557507234E+00 0.580754821E+00 0.604436077E+00 0.628547812E+00 0.653086796E+00
 0.678049762E+00 0.703433411E+00 0.729234407E+00 0.755449384E+00 0.782074942E+00
 0.809107655E+00 0.836544067E+00 0.864380695E+00 0.892614031E+00 0.921240542E+00
 0.950256675E+00 0.979658852E+00 0.100944348E+01 0.101061421E+01 0.980833066E+00
 0.951434337E+00 0.922421619E+00 0.893798486E+00 0.865568494E+00 0.837735174E+00
 0.810302032E+00 0.783272551E+00 0.756650186E+00 0.730438362E+00 0.704640479E+00
 0.679259901E+00 0.654299963E+00 0.629763965E+00 0.605655173E+00 0.581976814E+00
 0.558732078E+00 0.535924119E+00 0.513556045E+00 0.491630926E+00 0.470151786E+00
 0.449121605E+00 0.428543318E+00 0.408419810E+00 0.388753920E+00 0.369548434E+00
 0.350806088E+00 0.332529565E+00 0.314721493E+00 0.297384446E+00 0.280520940E+00
 0.264133434E+00 0.248224326E+00 0.232795957E+00 0.217850604E+00 0.203390482E+00
 0.189417741E+00 0.175934468E+00 0.162942684E+00 0.150444341E+00 0.138441325E+00
 0.126935452E+00 0.115928469E+00 0.105422050E+00 0.954177994E-01 0.859172482E-01
 0.769218539E-01 0.684329999E-01 0.604519945E-01 0.529800703E-01 0.460183839E-01
 0.395680145E-01 0.336299640E-01 0.282051561E-01 0.232944359E-01 0.188985695E-01
 0.150182434E-01 0.116540643E-01 0.880655867E-02 0.647617245E-02 0.466327087E-02
 0.336813818E-02 0.259097757E-02 0.233191096E-02 0.259097900E-02 0.336814106E-02
 0.466327518E-02 0.647617820E-02 0.880656585E-02 0.116540729E-01 0.150182534E-01
 0.188985810E-01 0.232944488E-01 0.282051704E-01 0.336299797E-01 0.395680317E-01
 0.460184025E-01 0.529800904E-01 0.604520159E-01 0.684330227E-01 0.769218782E-01
 0.859172738E-01 0.954178264E-01 0.105422078E+00 0.115928499E+00 0.126935484E+00
 0.138441358E+00 0.150444375E+00 0.162942719E+00 0.175934505E+00 0.189417779E+00
 0.203390521E+00 0.217850645E+00 0.232796000E+00 0.248224370E+00 0.264133478E+00
 0.280520986E+00 0.297384493E+00 0.314721542E+00 0.332529615E+00 0.350806139E+00
 0.369548487E+00 0.388753974E+00 0.408419865E+00 0.428543374E+00 0.449121663E+00
 0.470151845E+00 0.491630986E+00 0.513556106E+00 0.535924181E+00 0.558732142E+00
 0.581976879E+00 0.605655239E+00 0.629764033E+00 0.654300032E+00 0.679259971E+00
 0.704640550E+00 0.730438434E+00 0.756650259E+00 0.783272626E+00 0.810302108E+00
 0.837735251E+00 0.865568572E+00 0.893798565E+00 0.922421699E+00 0.951434418E+00
 0.980833148E+00 0.101061429E+01 0.101225312E+01 0.982476850E+00 0.953082945E+00
 0.924075004E+00 0.895456600E+00 0.867231286E+00 0.839402593E+00 0.811974026E+00
 0.784949067E+00 0.758331168E+00 0.732123757E+00 0.706330228E+00 0.680953947E+00
 0.655998246E+00 0.631466426E+00 0.607361749E+00 0.583687443E+00 0.560446698E+00
 0.537642663E+00 0.515278449E+00 0.493357122E+00 0.471881706E+00 0.450855181E+00
 0.430280479E+00 0.410160485E+00 0.390498037E+00 0.371295920E+00 0.352556868E+00
 0.334283565E+00 0.316478636E+00 0.299144656E+00 0.282284138E+00 0.265899541E+00
 0.249993264E+00 0.234567644E+00 0.219624958E+00 0.205167421E+00 0.191197182E+00
 0.177716328E+00 0.164726877E+00 0.152230783E+00 0.140229929E+00 0.128726132E+00
 0.117721136E+00 0.107216617E+00 0.972141775E-01 0.877153482E-01 0.787215860E-01
 0.702342736E-01 0.622547189E-01 0.547841542E-01 0.478237354E-01 0.413745414E-01
 0.354375737E-01 0.300137556E-01 0.251039320E-01 0.207088686E-01 0.168292517E-01
 0.134656877E-01 0.106187029E-01 0.828874300E-02 0.647617317E-02 0.518127753E-02
 0.440425917E-02 0.414523998E-02 0.440426061E-02 0.518128040E-02 0.647617748E-02
 0.828874875E-02 0.106187101E-01 0.134656963E-01 0.168292618E-01 0.207088801E-01
 0.251039450E-01 0.300137700E-01 0.354375894E-01 0.413745586E-01 0.478237540E-01
 0.547841742E-01 0.622547404E-01 0.702342964E-01 0.787216102E-01 0.877153739E-01
 0.972142046E-01 0.107216645E+00 0.117721166E+00 0.128726163E+00 0.140229962E+00
 0.152230817E+00 0.164726913E+00 0.177716365E+00 0.191197220E+00 0.205167460E+00
 0.219624999E+00 0.234567686E+00 0.249993307E+00 0.265899586E+00 0.282284184E+00
 0.299144703E+00 0.316478685E+00 0.334283615E+00 0.352556920E+00 0.371295972E+00
 0.390498091E+00 0.410160540E+00 0.430280535E+00 0.450855238E+00 0.471881765E+00
 0.493357182E+00 0.515278510E+00 0.537642726E+00 0.560446762E+00 0.583687508E+00
 0.607361815E+00 0.631466493E+00 0.655998315E+00 0.680954017E+00 0.706330299E+00
 0.732123829E+00 0.758331242E+00 0.784949141E+00 0.811974102E+00 0.839402670E+00
 0.867231364E+00 0.895456679E+00 0.924075084E+00 0.953083026E+00 0.982476932E+00
 0.101225321E+01 0.101435991E+01 0.984589891E+00 0.955202187E+00 0.926200384E+00
 0.897588057E+00 0.869368756E+00 0.841546009E+00 0.814123322E+00 0.787104174E+00
 0.760492017E+00 0.734290275E+00 0.708502342E+00 0.683131583E+00 0.658181329E+00
 0.633654877E+00 0.609555490E+00 0.585886394E+00 0.562650776E+00 0.539851786E+00
 0.517492531E+00 0.495576078E+00 0.474105448E+00 0.453083621E+00 0.432513526E+00
 0.412398049E+00 0.392740024E+00 0.373542236E+00 0.354807419E+00 0.336538253E+00
 0.318737364E+00 0.301407324E+00 0.284550647E+00 0.268169789E+00 0.252267149E+00
 0.236845062E+00 0.221905804E+00 0.207451590E+00 0.193484567E+00 0.180006821E+00
 0.167020369E+00 0.154527164E+00 0.142529089E+00 0.131027959E+00 0.120025518E+00
 0.109523440E+00 0.995233286E-01 0.900267121E-01 0.810350472E-01 0.725497161E-01
 0.645720258E-01 0.571032082E-01 0.501444184E-01 0.436967350E-01 0.377611589E-01
 0.323386130E-01 0.274299416E-01 0.230359102E-01 0.191572046E-01 0.157944311E-01
 0.129481155E-01 0.106187036E-01 0.880656011E-02 0.751196910E-02 0.673513356E-02
 0.647617532E-02 0.673513500E-02 0.751197198E-02 0.880656442E-02 0.106187093E-01
 0.129481227E-01 0.157944397E-01 0.191572147E-01 0.230359216E-01 0.274299545E-01
 0.323386273E-01 0.377611746E-01 0.436967522E-01 0.501444370E-01 0.571032282E-01
 0.645720473E-01 0.725497389E-01 0.810350715E-01 0.900267377E-01 0.995233556E-01
 0.109523469E+00 0.120025548E+00 0.131027990E+00 0.142529121E+00 0.154527198E+00
 0.167020404E+00 0.180006857E+00 0.193484605E+00 0.207451629E+00 0.221905845E+00
 0.236845104E+00 0.252267192E+00 0.268169834E+00 0.284550693E+00 0.301407372E+00
 0.318737413E+00 0.336538303E+00 0.354807470E+00 0.373542289E+00 0.392740078E+00
 0.412398104E+00 0.432513583E+00 0.453083678E+00 0.474105507E+00 0.495576138E+00
 0.517492592E+00 0.539851848E+00 0.562650840E+00 0.585886459E+00 0.609555556E+00
 0.633654945E+00 0.658181398E+00 0.683131653E+00 0.708502413E+00 0.734290347E+00
 0.760492090E+00 0.787104249E+00 0.814123398E+00 0.841546086E+00 0.869368833E+00
 0.897588136E+00 0.926200464E+00 0.955202268E+00 0.984589973E+00 0.101435999E+01
 0.101693426E+01 0.987171893E+00 0.957791763E+00 0.928797460E+00 0.900192556E+00
 0.871980599E+00 0.844165118E+00 0.816749613E+00 0.789737564E+00 0.763132420E+00
 0.736937604E+00 0.711156508E+00 0.685792495E+00 0.660848894E+00 0.636329000E+00
 0.612236074E+00 0.588573342E+00 0.565343988E+00 0.542551160E+00 0.520197964E+00
 0.498287464E+00 0.476822682E+00 0.455806593E+00 0.435242127E+00 0.415132166E+00
 0.395479545E+00 0.376287046E+00 0.357557401E+00 0.339293289E+00 0.321497335E+00
 0.304172109E+00 0.287320123E+00 0.270943833E+00 0.255045635E+00 0.239627864E+00
 0.224692794E+00 0.210242638E+00 0.196279544E+00 0.182805594E+00 0.169822806E+00
 0.157333130E+00 0.145338450E+00 0.133840578E+00 0.122841258E+00 0.112342163E+00
 0.102344894E+00 0.928509809E-01 0.838618780E-01 0.753789671E-01 0.674035544E-01
 0.599368708E-01 0.529800711E-01 0.465342329E-01 0.406003566E-01 0.351793646E-01
 0.302721008E-01 0.258793300E-01 0.220017377E-01 0.186399297E-01 0.157944318E-01
 0.134656891E-01 0.116540665E-01 0.103598476E-01 0.958323537E-02 0.932435158E-02
 0.958323680E-02 0.103598505E-01 0.116540708E-01 0.134656949E-01 0.157944390E-01
 0.186399384E-01 0.220017477E-01 0.258793414E-01 0.302721137E-01 0.351793790E-01
 0.406003724E-01 0.465342500E-01 0.529800896E-01 0.599368908E-01 0.674035758E-01
 0.753789899E-01 0.838619023E-01 0.928510065E-01 0.102344921E+00 0.112342191E+00
 0.122841287E+00 0.133840609E+00 0.145338482E+00 0.157333164E+00 0.169822841E+00
 0.182805631E+00 0.196279582E+00 0.210242678E+00 0.224692835E+00 0.239627906E+00
 0.255045678E+00 0.270943878E+00 0.287320169E+00 0.304172156E+00 0.321497384E+00
 0.339293339E+00 0.357557452E+00 0.376287098E+00 0.395479599E+00 0.415132221E+00
 0.435242183E+00 0.455806650E+00 0.476822741E+00 0.498287524E+00 0.520198025E+00
 0.542551222E+00 0.565344052E+00 0.588573407E+00 0.612236141E+00 0.636329067E+00
 0.660848962E+00 0.685792565E+00 0.711156579E+00 0.736937676E+00 0.763132493E+00
 0.789737639E+00 0.816749689E+00 0.844165194E+00 0.871980677E+00 0.900192634E+00
 0.928797540E+00 0.957791844E+00 0.987171975E+00 0.101693434E+01 0.101997583E+01
 0.990222493E+00 0.960851309E+00 0.931865864E+00 0.903269727E+00 0.875066446E+00
 0.847259544E+00 0.819852524E+00 0.792848859E+00 0.766251999E+00 0.740065362E+00
 0.714292342E+00 0.688936295E+00 0.664000551E+00 0.639488404E+00 0.615403110E+00
 0.591747893E+00 0.568525937E+00 0.545740387E+00 0.523394347E+00 0.501490879E+00
 0.480033003E+00 0.459023691E+00 0.438465873E+00 0.418362428E+00 0.398716189E+00
 0.379529936E+00 0.360806400E+00 0.342548257E+00 0.324758132E+00 0.307438591E+00
 0.290592146E+00 0.274221251E+00 0.258328299E+00 0.242915625E+00 0.227985502E+00
 0.213540140E+00 0.199581684E+00 0.186112218E+00 0.173133757E+00 0.160648250E+00
 0.148657578E+00 0.137163554E+00 0.126167920E+00 0.115672348E+00 0.105678437E+00
 0.961877163E-01 0.872016393E-01 0.787215867E-01 0.707488638E-01 0.632847007E-01
 0.563302512E-01 0.498865923E-01 0.439547237E-01 0.385355669E-01 0.336299654E-01
 0.292386834E-01 0.253624060E-01 0.220017384E-01 0.191572061E-01 0.168292539E-01
 0.150182463E-01 0.137244669E-01 0.129481184E-01 0.126893226E-01 0.129481199E-01
 0.137244698E-01 0.150182506E-01 0.168292596E-01 0.191572132E-01 0.220017470E-01
 0.253624160E-01 0.292386949E-01 0.336299783E-01 0.385355813E-01 0.439547394E-01
 0.498866095E-01 0.563302698E-01 0.632847207E-01 0.707488852E-01 0.787216095E-01
 0.872016636E-01 0.961877419E-01 0.105678464E+00 0.115672376E+00 0.126167950E+00
 0.137163585E+00 0.148657611E+00 0.160648284E+00 0.173133793E+00 0.186112255E+00
 0.199581722E+00 0.213540179E+00 0.227985543E+00 0.242915667E+00 0.258328343E+00
 0.274221296E+00 0.290592192E+00 0.307438638E+00 0.324758180E+00 0.342548307E+00
 0.360806451E+00 0.379529988E+00 0.398716243E+00 0.418362483E+00 0.438465929E+00
 0.459023749E+00 0.480033061E+00 0.501490939E+00 0.523394408E+00 0.545740450E+00
 0.568526001E+00 0.591747958E+00 0.615403176E+00 0.639488471E+00 0.664000620E+00
 0.688936365E+00 0.714292412E+00 0.740065435E+00 0.766252072E+00 0.792848933E+00
 0.819852599E+00 0.847259621E+00 0.875066523E+00 0.903269806E+00 0.931865944E+00
 0.960851390E+00 0.990222575E+00 0.101997591E+01 0.102348418E+01 0.993741264E+00
 0.964380395E+00 0.935405163E+00 0.906819136E+00 0.878625857E+00 0.850828849E+00
 0.823431610E+00 0.796437613E+00 0.769850304E+00 0.743673099E+00 0.717909389E+00
 0.692562529E+00 0.667635845E+00 0.643132628E+00 0.619056134E+00 0.595409583E+00
 0.572196157E+00 0.549418998E+00 0.527081209E+00 0.505185849E+00 0.483735934E+00
 0.462734437E+00 0.442184284E+00 0.422088352E+00 0.402449471E+00 0.383270420E+00
 0.364553927E+00 0.346302667E+00 0.328519261E+00 0.311206276E+00 0.294366219E+00
 0.278001544E+00 0.262114642E+00 0.246707845E+00 0.231783424E+00 0.217343588E+00
 0.203390482E+00 0.189926186E+00 0.176952714E+00 0.164472013E+00 0.152485963E+00
 0.140996376E+00 0.130004991E+00 0.119513480E+00 0.109523441E+00 0.100036401E+00
 0.910538127E-01 0.825770556E-01 0.746074339E-01 0.671461768E-01 0.601944371E-01
 0.537532908E-01 0.478237368E-01 0.424066961E-01 0.375030111E-01 0.331134456E-01
 0.292386841E-01 0.258793314E-01 0.230359123E-01 0.207088715E-01 0.188985731E-01
 0.176053004E-01 0.168292560E-01 0.165705615E-01 0.168292575E-01 0.176053033E-01
 0.188985774E-01 0.207088773E-01 0.230359195E-01 0.258793400E-01 0.292386941E-01
 0.331134571E-01 0.375030240E-01 0.424067104E-01 0.478237525E-01 0.537533079E-01
 0.601944556E-01 0.671461968E-01 0.746074554E-01 0.825770784E-01 0.910538369E-01
 0.100036427E+00 0.109523468E+00 0.119513508E+00 0.130005021E+00 0.140996407E+00
 0.152485996E+00 0.164472047E+00 0.176952749E+00 0.189926223E+00 0.203390520E+00
 0.217343628E+00 0.231783465E+00 0.246707887E+00 0.262114685E+00 0.278001589E+00
 0.294366266E+00 0.311206323E+00 0.328519310E+00 0.346302717E+00 0.364553978E+00
 0.383270472E+00 0.402449524E+00 0.422088407E+00 0.442184340E+00 0.462734495E+00
 0.483735993E+00 0.505185909E+00 0.527081270E+00 0.549419061E+00 0.572196221E+00
 0.595409648E+00 0.619056200E+00 0.643132695E+00 0.667635913E+00 0.692562599E+00
 0.717909460E+00 0.743673171E+00 0.769850377E+00 0.796437687E+00 0.823431686E+00
 0.850828926E+00 0.878625935E+00 0.906819215E+00 0.935405243E+00 0.964380476E+00
 0.993741346E+00 0.102348427E+01 0.102745884E+01 0.997727713E+00 0.968378525E+00
 0.939414860E+00 0.910840280E+00 0.882658328E+00 0.854872524E+00 0.827486362E+00
 0.800503312E+00 0.773926819E+00 0.747760295E+00 0.722007127E+00 0.696670670E+00
 0.671754245E+00 0.647261142E+00 0.623194612E+00 0.599557875E+00 0.576354108E+00
 0.553586451E+00 0.531258005E+00 0.509371826E+00 0.487930928E+00 0.466938280E+00
 0.446396805E+00 0.426309380E+00 0.406678832E+00 0.387507936E+00 0.368799418E+00
 0.350555952E+00 0.332780156E+00 0.315474593E+00 0.298641771E+00 0.282284139E+00
 0.266404086E+00 0.251003944E+00 0.236085981E+00 0.221652404E+00 0.207705355E+00
 0.194246912E+00 0.181279089E+00 0.168803830E+00 0.156823014E+00 0.145338451E+00
 0.134351878E+00 0.123864966E+00 0.113879311E+00 0.104396439E+00 0.954178008E-01
 0.869447753E-01 0.789786653E-01 0.715206987E-01 0.645720273E-01 0.581337261E-01
 0.522067931E-01 0.467921484E-01 0.418906336E-01 0.375030118E-01 0.336299668E-01
 0.302721029E-01 0.274299445E-01 0.251039356E-01 0.232944402E-01 0.220017413E-01
 0.212260412E-01 0.209674615E-01 0.212260427E-01 0.220017441E-01 0.232944445E-01
 0.251039414E-01 0.274299516E-01 0.302721115E-01 0.336299769E-01 0.375030233E-01
 0.418906465E-01 0.467921627E-01 0.522068089E-01 0.581337433E-01 0.645720458E-01
 0.715207187E-01 0.789786867E-01 0.869447981E-01 0.954178250E-01 0.104396464E+00
 0.113879338E+00 0.123864994E+00 0.134351908E+00 0.145338482E+00 0.156823047E+00
 0.168803864E+00 0.181279124E+00 0.194246949E+00 0.207705393E+00 0.221652443E+00
 0.236086022E+00 0.251003986E+00 0.266404130E+00 0.282284183E+00 0.298641817E+00
 0.315474641E+00 0.332780205E+00 0.350556002E+00 0.368799470E+00 0.387507988E+00
 0.406678885E+00 0.426309435E+00 0.446396862E+00 0.466938337E+00 0.487930986E+00
 0.509371886E+00 0.531258066E+00 0.553586514E+00 0.576354172E+00 0.599557940E+00
 0.623194679E+00 0.647261209E+00 0.671754314E+00 0.696670740E+00 0.722007198E+00
 0.747760367E+00 0.773926892E+00 0.800503387E+00 0.827486437E+00 0.854872600E+00
 0.882658406E+00 0.910840359E+00 0.939414940E+00 0.968378606E+00 0.997727795E+00
 0.102745892E+01 0.103189924E+01 0.100218128E+01 0.972845139E+00 0.943894388E+00
 0.915332592E+00 0.887163288E+00 0.859389994E+00 0.832016201E+00 0.805045376E+00
 0.778480959E+00 0.752326361E+00 0.726584966E+00 0.701260124E+00 0.676355155E+00
 0.651873344E+00 0.627817942E+00 0.604192161E+00 0.580999180E+00 0.558242134E+00
 0.535924119E+00 0.514048191E+00 0.492617361E+00 0.471634594E+00 0.451102811E+00
 0.431024884E+00 0.411403639E+00 0.392241849E+00 0.373542237E+00 0.355307473E+00
 0.337540173E+00 0.320242899E+00 0.303418154E+00 0.287068385E+00 0.271195981E+00
 0.255803270E+00 0.240892517E+00 0.226465927E+00 0.212525641E+00 0.199073735E+00
 0.186112219E+00 0.173643037E+00 0.161668065E+00 0.150189110E+00 0.139207911E+00
 0.128726133E+00 0.118745373E+00 0.109267155E+00 0.100292928E+00 0.918240685E-01
 0.838618795E-01 0.764075869E-01 0.694623414E-01 0.630272169E-01 0.571032103E-01
 0.516912408E-01 0.467921491E-01 0.424066975E-01 0.385355691E-01 0.351793675E-01
 0.323386165E-01 0.300137599E-01 0.282051611E-01 0.269131028E-01 0.261377872E-01
 0.258793357E-01 0.261377887E-01 0.269131057E-01 0.282051654E-01 0.300137657E-01
 0.323386237E-01 0.351793761E-01 0.385355791E-01 0.424067089E-01 0.467921620E-01
 0.516912551E-01 0.571032261E-01 0.630272340E-01 0.694623599E-01 0.764076069E-01
 0.838619009E-01 0.918240913E-01 0.100292952E+00 0.109267180E+00 0.118745400E+00
 0.128726161E+00 0.139207940E+00 0.150189141E+00 0.161668098E+00 0.173643071E+00
 0.186112254E+00 0.199073772E+00 0.212525679E+00 0.226465967E+00 0.240892558E+00
 0.255803312E+00 0.271196025E+00 0.287068430E+00 0.303418200E+00 0.320242946E+00
 0.337540222E+00 0.355307523E+00 0.373542288E+00 0.392241902E+00 0.411403693E+00
 0.431024939E+00 0.451102867E+00 0.471634651E+00 0.492617420E+00 0.514048252E+00
 0.535924181E+00 0.558242196E+00 0.580999244E+00 0.604192226E+00 0.627818008E+00
 0.651873411E+00 0.676355224E+00 0.701260194E+00 0.726585037E+00 0.752326433E+00
 0.778481032E+00 0.805045450E+00 0.832016276E+00 0.859390070E+00 0.887163366E+00
 0.915332671E+00 0.943894468E+00 0.972845220E+00 0.100218137E+01 0.103189932E+01
 0.103680477E+01 0.100710135E+01 0.977779610E+00 0.948843119E+00 0.920295437E+00
 0.892140099E+00 0.864380618E+00 0.837020482E+00 0.810063154E+00 0.783512071E+00
 0.757370642E+00 0.731642245E+00 0.706330228E+00 0.681437908E+00 0.656968565E+00
 0.632925447E+00 0.609311766E+00 0.586130692E+00 0.563385361E+00 0.541078865E+00
 0.519214256E+00 0.497794540E+00 0.476822682E+00 0.456301599E+00 0.436234160E+00
 0.416623187E+00 0.397471451E+00 0.378781671E+00 0.360556515E+00 0.342798596E+00
 0.325510472E+00 0.308694645E+00 0.292353559E+00 0.276489600E+00 0.261105092E+00
 0.246202300E+00 0.231783425E+00 0.217850606E+00 0.204405916E+00 0.191451364E+00
 0.178988891E+00 0.167020370E+00 0.155547609E+00 0.144572341E+00 0.134096232E+00
 0.124120877E+00 0.114647796E+00 0.105678439E+00 0.972141797E-01 0.892563195E-01
 0.818060832E-01 0.748646200E-01 0.684330027E-01 0.625122271E-01 0.571032111E-01
 0.522067946E-01 0.478237390E-01 0.439547265E-01 0.406003602E-01 0.377611632E-01
 0.354375787E-01 0.336299697E-01 0.323386187E-01 0.315637276E-01 0.313054175E-01
 0.315637290E-01 0.323386216E-01 0.336299740E-01 0.354375844E-01 0.377611703E-01
 0.406003688E-01 0.439547365E-01 0.478237504E-01 0.522068074E-01 0.571032253E-01
 0.625122428E-01 0.684330199E-01 0.748646385E-01 0.818061031E-01 0.892563408E-01
 0.972142025E-01 0.105678463E+00 0.114647821E+00 0.124120904E+00 0.134096261E+00
 0.144572371E+00 0.155547640E+00 0.167020403E+00 0.178988924E+00 0.191451399E+00
 0.204405952E+00 0.217850644E+00 0.231783464E+00 0.246202340E+00 0.261105134E+00
 0.276489643E+00 0.292353604E+00 0.308694691E+00 0.325510519E+00 0.342798645E+00
 0.360556565E+00 0.378781722E+00 0.397471503E+00 0.416623241E+00 0.436234216E+00
 0.456301656E+00 0.476822740E+00 0.497794599E+00 0.519214316E+00 0.541078926E+00
 0.563385423E+00 0.586130756E+00 0.609311830E+00 0.632925514E+00 0.656968632E+00
 0.681437976E+00 0.706330298E+00 0.731642316E+00 0.757370714E+00 0.783512144E+00
 0.810063228E+00 0.837020557E+00 0.864380694E+00 0.892140177E+00 0.920295516E+00
 0.948843199E+00 0.977779691E+00 0.100710143E+01 0.103680485E+01 0.104217474E+01
 0.101248723E+01 0.983181247E+00 0.954260358E+00 0.925728117E+00 0.897588058E+00
 0.869843688E+00 0.842498492E+00 0.815555931E+00 0.789019436E+00 0.762892413E+00
 0.737178236E+00 0.711880250E+00 0.687001767E+00 0.662546064E+00 0.638516386E+00
 0.614915940E+00 0.591747894E+00 0.569015379E+00 0.546721483E+00 0.524869256E+00
 0.503461701E+00 0.482501777E+00 0.461992399E+00 0.441936434E+00 0.422336698E+00
 0.403195960E+00 0.384516936E+00 0.366302290E+00 0.348554633E+00 0.331276520E+00
 0.314470449E+00 0.298138861E+00 0.282284139E+00 0.266908606E+00 0.252014522E+00
 0.237604086E+00 0.223679435E+00 0.210242640E+00 0.197295706E+00 0.184840571E+00
 0.172879109E+00 0.161413122E+00 0.150444343E+00 0.139974436E+00 0.130004992E+00
 0.120537532E+00 0.111573502E+00 0.103114275E+00 0.951611502E-01 0.877153511E-01
 0.807780255E-01 0.743502448E-01 0.684330035E-01 0.630272183E-01 0.581337283E-01
 0.537532936E-01 0.498865959E-01 0.465342372E-01 0.436967400E-01 0.413745471E-01
 0.395680209E-01 0.382774436E-01 0.375030168E-01 0.372448616E-01 0.375030183E-01
 0.382774465E-01 0.395680252E-01 0.413745528E-01 0.436967472E-01 0.465342458E-01
 0.498866059E-01 0.537533051E-01 0.581337411E-01 0.630272326E-01 0.684330192E-01
 0.743502619E-01 0.807780440E-01 0.877153710E-01 0.951611715E-01 0.103114298E+00
 0.111573526E+00 0.120537558E+00 0.130005019E+00 0.139974464E+00 0.150444373E+00
 0.161413153E+00 0.172879142E+00 0.184840605E+00 0.197295741E+00 0.210242676E+00
 0.223679473E+00 0.237604126E+00 0.252014562E+00 0.266908648E+00 0.282284183E+00
 0.298138906E+00 0.314470495E+00 0.331276567E+00 0.348554682E+00 0.366302340E+00
 0.384516987E+00 0.403196012E+00 0.422336752E+00 0.441936489E+00 0.461992456E+00
 0.482501835E+00 0.503461759E+00 0.524869316E+00 0.546721545E+00 0.569015441E+00
 0.591747958E+00 0.614916005E+00 0.638516453E+00 0.662546132E+00 0.687001835E+00
 0.711880320E+00 0.737178307E+00 0.762892485E+00 0.789019509E+00 0.815556005E+00
 0.842498568E+00 0.869843764E+00 0.897588135E+00 0.925728196E+00 0.954260437E+00
 0.983181328E+00 0.101248732E+01 0.104217483E+01 0.104800841E+01 0.101833818E+01
 0.989049296E+00 0.960145343E+00 0.931629867E+00 0.903506394E+00 0.875778430E+00
 0.848449455E+00 0.821522924E+00 0.795002267E+00 0.768890883E+00 0.743192144E+00
 0.717909389E+00 0.693045928E+00 0.668605034E+00 0.644589946E+00 0.621003868E+00
 0.597849964E+00 0.575131362E+00 0.552851146E+00 0.531012360E+00 0.509618006E+00
 0.488671038E+00 0.468174367E+00 0.448130856E+00 0.428543319E+00 0.409414520E+00
 0.390747173E+00 0.372543937E+00 0.354807420E+00 0.337540174E+00 0.320744693E+00
 0.304423416E+00 0.288578723E+00 0.273212931E+00 0.258328301E+00 0.243927027E+00
 0.230011243E+00 0.216583017E+00 0.203644352E+00 0.191197184E+00 0.179243384E+00
 0.167784751E+00 0.156823016E+00 0.146359841E+00 0.136396814E+00 0.126935455E+00
 0.117977208E+00 0.109523443E+00 0.101575459E+00 0.941344764E-01 0.872016422E-01
 0.807780262E-01 0.748646214E-01 0.694623435E-01 0.645720301E-01 0.601944406E-01
 0.563302555E-01 0.529800761E-01 0.501444242E-01 0.478237418E-01 0.460183910E-01
 0.447286536E-01 0.439547308E-01 0.436967436E-01 0.439547322E-01 0.447286564E-01
 0.460183953E-01 0.478237475E-01 0.501444313E-01 0.529800846E-01 0.563302655E-01
 0.601944521E-01 0.645720430E-01 0.694623578E-01 0.748646371E-01 0.807780433E-01
 0.872016607E-01 0.941344963E-01 0.101575480E+00 0.109523466E+00 0.117977232E+00
 0.126935481E+00 0.136396841E+00 0.146359869E+00 0.156823046E+00 0.167784782E+00
 0.179243416E+00 0.191197218E+00 0.203644387E+00 0.216583053E+00 0.230011281E+00
 0.243927066E+00 0.258328341E+00 0.273212973E+00 0.288578766E+00 0.304423461E+00
 0.320744739E+00 0.337540221E+00 0.354807469E+00 0.372543987E+00 0.390747224E+00
 0.409414573E+00 0.428543373E+00 0.448130911E+00 0.468174423E+00 0.488671095E+00
 0.509618064E+00 0.531012420E+00 0.552851207E+00 0.575131424E+00 0.597850028E+00
 0.621003932E+00 0.644590012E+00 0.668605101E+00 0.693045996E+00 0.717909459E+00
 0.743192214E+00 0.768890955E+00 0.795002340E+00 0.821522998E+00 0.848449530E+00
 0.875778506E+00 0.903506471E+00 0.931629945E+00 0.960145423E+00 0.989049376E+00
 0.101833826E+01 0.104800850E+01 0.105430498E+01 0.102465337E+01 0.995382936E+00
 0.966497251E+00 0.937999856E+00 0.909894274E+00 0.882184005E+00 0.854872525E+00
 0.827963284E+00 0.801459708E+00 0.775365193E+00 0.749683104E+00 0.724416778E+00
 0.699569519E+00 0.675144595E+00 0.651145244E+00 0.627574662E+00 0.604436012E+00
 0.581732415E+00 0.559466953E+00 0.537642665E+00 0.516262547E+00 0.495329553E+00
 0.474846587E+00 0.454816509E+00 0.435242128E+00 0.416126206E+00 0.397471452E+00
 0.379280522E+00 0.361556019E+00 0.344300493E+00 0.327516434E+00 0.311206277E+00
 0.295372398E+00 0.280017114E+00 0.265142678E+00 0.250751285E+00 0.236845064E+00
 0.223426080E+00 0.210496333E+00 0.198057758E+00 0.186112220E+00 0.174661518E+00
 0.163707380E+00 0.153251465E+00 0.143295360E+00 0.133840580E+00 0.124888569E+00
 0.116440696E+00 0.108498255E+00 0.101062467E+00 0.941344771E-01 0.877153525E-01
 0.818060853E-01 0.764075897E-01 0.715207023E-01 0.671461811E-01 0.632847057E-01
 0.599368765E-01 0.571032146E-01 0.547841614E-01 0.529800782E-01 0.516912465E-01
 0.509178673E-01 0.506600613E-01 0.509178687E-01 0.516912494E-01 0.529800825E-01
 0.547841671E-01 0.571032218E-01 0.599368851E-01 0.632847157E-01 0.671461925E-01
 0.715207151E-01 0.764076040E-01 0.818061010E-01 0.877153696E-01 0.941344956E-01
 0.101062487E+00 0.108498277E+00 0.116440719E+00 0.124888594E+00 0.133840606E+00
 0.143295387E+00 0.153251493E+00 0.163707410E+00 0.174661549E+00 0.186112253E+00
 0.198057792E+00 0.210496369E+00 0.223426116E+00 0.236845102E+00 0.250751324E+00
 0.265142719E+00 0.280017156E+00 0.295372442E+00 0.311206322E+00 0.327516480E+00
 0.344300540E+00 0.361556068E+00 0.379280572E+00 0.397471503E+00 0.416126258E+00
 0.435242182E+00 0.454816563E+00 0.474846643E+00 0.495329610E+00 0.516262606E+00
 0.537642725E+00 0.559467014E+00 0.581732478E+00 0.604436076E+00 0.627574727E+00
 0.651145310E+00 0.675144663E+00 0.699569587E+00 0.724416848E+00 0.749683175E+00
 0.775365264E+00 0.801459781E+00 0.827963358E+00 0.854872600E+00 0.882184081E+00
 0.909894352E+00 0.937999935E+00 0.966497331E+00 0.995383016E+00 0.102465345E+01
 0.105430506E+01 0.106106355E+01 0.103143192E+01 0.100218128E+01 0.973315194E+00
 0.944837193E+00 0.916750799E+00 0.889059508E+00 0.861766792E+00 0.834876097E+00
 0.808390841E+00 0.782314417E+00 0.756650187E+00 0.731401481E+00 0.706571598E+00
 0.682163805E+00 0.658181330E+00 0.634627370E+00 0.611505079E+00 0.588817575E+00
 0.566567936E+00 0.544759196E+00 0.523394348E+00 0.502476340E+00 0.482008072E+00
 0.461992400E+00 0.442432130E+00 0.423330018E+00 0.404688769E+00 0.386511037E+00
 0.368799420E+00 0.351556462E+00 0.334784653E+00 0.318486422E+00 0.302664142E+00
 0.287320125E+00 0.272456624E+00 0.258075827E+00 0.244179861E+00 0.230770789E+00
 0.217850607E+00 0.205421246E+00 0.193484570E+00 0.182042373E+00 0.171096382E+00
 0.160648253E+00 0.150699570E+00 0.141251847E+00 0.132306524E+00 0.123864968E+00
 0.115928473E+00 0.108498256E+00 0.101575460E+00 0.951611523E-01 0.892563223E-01
 0.838618830E-01 0.789786696E-01 0.746074389E-01 0.707488695E-01 0.674035608E-01
 0.645720330E-01 0.622547268E-01 0.604520030E-01 0.591641427E-01 0.583913464E-01
 0.581337347E-01 0.583913478E-01 0.591641455E-01 0.604520073E-01 0.622547325E-01
 0.645720401E-01 0.674035694E-01 0.707488795E-01 0.746074504E-01 0.789786824E-01
 0.838618973E-01 0.892563380E-01 0.951611694E-01 0.101575479E+00 0.108498276E+00
 0.115928494E+00 0.123864991E+00 0.132306548E+00 0.141251873E+00 0.150699597E+00
 0.160648281E+00 0.171096412E+00 0.182042404E+00 0.193484602E+00 0.205421280E+00
 0.217850642E+00 0.230770825E+00 0.244179899E+00 0.258075866E+00 0.272456665E+00
 0.287320167E+00 0.302664185E+00 0.318486466E+00 0.334784699E+00 0.351556509E+00
 0.368799468E+00 0.386511087E+00 0.404688820E+00 0.423330070E+00 0.442432184E+00
 0.461992455E+00 0.482008128E+00 0.502476397E+00 0.523394407E+00 0.544759256E+00
 0.566567997E+00 0.588817637E+00 0.611505142E+00 0.634627434E+00 0.658181396E+00
 0.682163872E+00 0.706571667E+00 0.731401550E+00 0.756650257E+00 0.782314489E+00
 0.808390914E+00 0.834876171E+00 0.861766867E+00 0.889059585E+00 0.916750877E+00
 0.944837271E+00 0.973315273E+00 0.100218136E+01 0.103143201E+01 0.106106364E+01
 0.106828322E+01 0.103867291E+01 0.100944340E+01 0.980598219E+00 0.952140918E+00
 0.924075005E+00 0.896403971E+00 0.869131283E+00 0.842260381E+00 0.815794680E+00
 0.789737565E+00 0.764092395E+00 0.738862496E+00 0.714051160E+00 0.689661649E+00
 0.665697188E+00 0.642160966E+00 0.619056135E+00 0.596385808E+00 0.574153057E+00
 0.552360912E+00 0.531012361E+00 0.510110346E+00 0.489657766E+00 0.469657469E+00
 0.450112259E+00 0.431024886E+00 0.412398051E+00 0.394234404E+00 0.376536538E+00
 0.359306996E+00 0.342548259E+00 0.326262756E+00 0.310452855E+00 0.295120864E+00
 0.280269032E+00 0.265899544E+00 0.252014523E+00 0.238616029E+00 0.225706054E+00
 0.213286527E+00 0.201359308E+00 0.189926189E+00 0.178988893E+00 0.168549073E+00
 0.158608311E+00 0.149168119E+00 0.140229933E+00 0.131795120E+00 0.123864969E+00
 0.116440697E+00 0.109523445E+00 0.103114278E+00 0.972141832E-01 0.918240728E-01
 0.869447803E-01 0.825770613E-01 0.787215931E-01 0.753789742E-01 0.725497239E-01
 0.702342821E-01 0.684330092E-01 0.671461854E-01 0.663740112E-01 0.661166069E-01
 0.663740126E-01 0.671461882E-01 0.684330134E-01 0.702342879E-01 0.725497310E-01
 0.753789828E-01 0.787216031E-01 0.825770727E-01 0.869447931E-01 0.918240871E-01
 0.972141989E-01 0.103114295E+00 0.109523464E+00 0.116440717E+00 0.123864990E+00
 0.131795143E+00 0.140229957E+00 0.149168144E+00 0.158608338E+00 0.168549101E+00
 0.178988922E+00 0.189926220E+00 0.201359340E+00 0.213286561E+00 0.225706089E+00
 0.238616065E+00 0.252014561E+00 0.265899583E+00 0.280269072E+00 0.295120906E+00
 0.310452898E+00 0.326262801E+00 0.342548305E+00 0.359307043E+00 0.376536587E+00
 0.394234453E+00 0.412398102E+00 0.431024938E+00 0.450112312E+00 0.469657524E+00
 0.489657822E+00 0.510110404E+00 0.531012419E+00 0.552360972E+00 0.574153118E+00
 0.596385871E+00 0.619056199E+00 0.642161031E+00 0.665697254E+00 0.689661716E+00
 0.714051228E+00 0.738862565E+00 0.764092466E+00 0.789737637E+00 0.815794752E+00
 0.842260455E+00 0.869131358E+00 0.896404048E+00 0.924075083E+00 0.952140996E+00
 0.980598299E+00 0.100944348E+01 0.103867299E+01 0.106828330E+01 0.107596297E+01
 0.104637533E+01 0.101716826E+01 0.988345312E+00 0.959910011E+00 0.931865865E+00
 0.904216360E+00 0.876964957E+00 0.850115091E+00 0.823670172E+00 0.797633580E+00
 0.772008667E+00 0.746798753E+00 0.722007129E+00 0.697637047E+00 0.673691730E+00
 0.650174361E+00 0.627088086E+00 0.604436013E+00 0.582221209E+00 0.560446700E+00
 0.539115468E+00 0.518230451E+00 0.497794542E+00 0.477810585E+00 0.458281378E+00
 0.439209668E+00 0.420598152E+00 0.402449473E+00 0.384766222E+00 0.367550934E+00
 0.350806091E+00 0.334534114E+00 0.318737367E+00 0.303418156E+00 0.288578724E+00
 0.274221254E+00 0.260347864E+00 0.246960611E+00 0.234061483E+00 0.221652406E+00
 0.209735237E+00 0.198311764E+00 0.187383707E+00 0.176952717E+00 0.167020373E+00
 0.157588183E+00 0.148657583E+00 0.140229934E+00 0.132306526E+00 0.124888571E+00
 0.117977210E+00 0.111573505E+00 0.105678443E+00 0.100292932E+00 0.954178065E-01
 0.910538191E-01 0.872016465E-01 0.838618859E-01 0.810350558E-01 0.787215952E-01
 0.769218639E-01 0.756361417E-01 0.748646286E-01 0.746074447E-01 0.748646300E-01
 0.756361445E-01 0.769218682E-01 0.787216009E-01 0.810350629E-01 0.838618944E-01
 0.872016564E-01 0.910538305E-01 0.954178193E-01 0.100292947E+00 0.105678459E+00
 0.111573522E+00 0.117977229E+00 0.124888591E+00 0.132306547E+00 0.140229957E+00
 0.148657607E+00 0.157588209E+00 0.167020400E+00 0.176952745E+00 0.187383737E+00
 0.198311795E+00 0.209735269E+00 0.221652440E+00 0.234061518E+00 0.246960647E+00
 0.260347902E+00 0.274221293E+00 0.288578764E+00 0.303418198E+00 0.318737410E+00
 0.334534158E+00 0.350806137E+00 0.367550981E+00 0.384766270E+00 0.402449522E+00
 0.420598203E+00 0.439209721E+00 0.458281432E+00 0.477810640E+00 0.497794598E+00
 0.518230508E+00 0.539115527E+00 0.560446760E+00 0.582221270E+00 0.604436075E+00
 0.627088149E+00 0.650174425E+00 0.673691796E+00 0.697637114E+00 0.722007197E+00
 0.746798823E+00 0.772008737E+00 0.797633652E+00 0.823670245E+00 0.850115165E+00
 0.876965032E+00 0.904216436E+00 0.931865942E+00 0.959910089E+00 0.988345391E+00
 0.101716834E+01 0.104637541E+01 0.107596305E+01 0.108410174E+01 0.105453811E+01
 0.102535481E+01 0.996555394E+00 0.968143387E+00 0.940122288E+00 0.912495578E+00
 0.885266711E+00 0.858439118E+00 0.832016202E+00 0.806001338E+00 0.780397873E+00
 0.755209120E+00 0.730438364E+00 0.706088854E+00 0.682163805E+00 0.658666396E+00
 0.635599767E+00 0.612967020E+00 0.590771218E+00 0.569015380E+00 0.547702484E+00
 0.526835463E+00 0.506417203E+00 0.486450545E+00 0.466938282E+00 0.447883155E+00
 0.429287855E+00 0.411155023E+00 0.393487244E+00 0.376287049E+00 0.359556913E+00
 0.343299255E+00 0.327516435E+00 0.312210753E+00 0.297384450E+00 0.283039702E+00
 0.269178626E+00 0.255803273E+00 0.242915629E+00 0.230517615E+00 0.218611085E+00
 0.207197823E+00 0.196279548E+00 0.185857906E+00 0.175934473E+00 0.166510755E+00
 0.157588184E+00 0.149168120E+00 0.141251849E+00 0.133840583E+00 0.126935459E+00
 0.120537536E+00 0.114647801E+00 0.109267160E+00 0.104396445E+00 0.100036408E+00
 0.961877241E-01 0.928509894E-01 0.900267214E-01 0.877153582E-01 0.859172589E-01
 0.846327027E-01 0.838618895E-01 0.836049389E-01 0.838618909E-01 0.846327056E-01
 0.859172632E-01 0.877153639E-01 0.900267285E-01 0.928509980E-01 0.961877341E-01
 0.100036419E+00 0.104396458E+00 0.109267174E+00 0.114647816E+00 0.120537553E+00
 0.126935477E+00 0.133840603E+00 0.141251871E+00 0.149168143E+00 0.157588208E+00
 0.166510780E+00 0.175934500E+00 0.185857934E+00 0.196279578E+00 0.207197854E+00
 0.218611117E+00 0.230517649E+00 0.242915664E+00 0.255803309E+00 0.269178664E+00
 0.283039741E+00 0.297384490E+00 0.312210795E+00 0.327516478E+00 0.343299300E+00
 0.359556959E+00 0.376287096E+00 0.393487292E+00 0.411155073E+00 0.429287906E+00
 0.447883207E+00 0.466938335E+00 0.486450600E+00 0.506417259E+00 0.526835520E+00
 0.547702542E+00 0.569015440E+00 0.590771279E+00 0.612967082E+00 0.635599830E+00
 0.658666460E+00 0.682163871E+00 0.706088921E+00 0.730438432E+00 0.755209190E+00
 0.780397943E+00 0.806001410E+00 0.832016275E+00 0.858439192E+00 0.885266786E+00
 0.912495654E+00 0.940122365E+00 0.968143465E+00 0.996555473E+00 0.102535489E+01
 0.105453819E+01 0.108410183E+01 0.109269843E+01 0.106316012E+01 0.103400191E+01
 0.100522733E+01 0.976839899E+00 0.948843121E+00 0.921240464E+00 0.894035379E+00
 0.867231288E+00 0.840831590E+00 0.814839654E+00 0.789258819E+00 0.764092396E+00
 0.739343661E+00 0.715015858E+00 0.691112195E+00 0.667635847E+00 0.644589947E+00
 0.621977593E+00 0.599801840E+00 0.578065704E+00 0.556772155E+00 0.535924122E+00
 0.515524485E+00 0.495576080E+00 0.476081694E+00 0.457044064E+00 0.438465876E+00
 0.420349764E+00 0.402698309E+00 0.385514038E+00 0.368799421E+00 0.352556872E+00
 0.336788746E+00 0.321497339E+00 0.306684886E+00 0.292353562E+00 0.278505478E+00
 0.265142681E+00 0.252267153E+00 0.239880811E+00 0.227985506E+00 0.216583019E+00
 0.205675064E+00 0.195263285E+00 0.185349254E+00 0.175934474E+00 0.167020375E+00
 0.158608313E+00 0.150699573E+00 0.143295363E+00 0.136396819E+00 0.130004997E+00
 0.124120882E+00 0.118745380E+00 0.113879318E+00 0.109523449E+00 0.105678446E+00
 0.102344903E+00 0.995233385E-01 0.972141882E-01 0.954178107E-01 0.941344849E-01
 0.933644100E-01 0.931077055E-01 0.933644114E-01 0.941344878E-01 0.954178150E-01
 0.972141939E-01 0.995233456E-01 0.102344912E+00 0.105678456E+00 0.109523460E+00
 0.113879331E+00 0.118745394E+00 0.124120898E+00 0.130005014E+00 0.136396837E+00
 0.143295383E+00 0.150699594E+00 0.158608336E+00 0.167020399E+00 0.175934499E+00
 0.185349281E+00 0.195263313E+00 0.205675094E+00 0.216583050E+00 0.227985539E+00
 0.239880845E+00 0.252267188E+00 0.265142717E+00 0.278505516E+00 0.292353601E+00
 0.306684927E+00 0.321497380E+00 0.336788789E+00 0.352556916E+00 0.368799467E+00
 0.385514085E+00 0.402698357E+00 0.420349813E+00 0.438465927E+00 0.457044116E+00
 0.476081748E+00 0.495576135E+00 0.515524541E+00 0.535924179E+00 0.556772213E+00
 0.578065763E+00 0.599801901E+00 0.621977655E+00 0.644590011E+00 0.667635911E+00
 0.691112261E+00 0.715015925E+00 0.739343729E+00 0.764092465E+00 0.789258890E+00
 0.814839725E+00 0.840831663E+00 0.867231362E+00 0.894035453E+00 0.921240540E+00
 0.948843198E+00 0.976839977E+00 0.100522741E+01 0.103400199E+01 0.106316020E+01
 0.109269852E+01 0.110175185E+01 0.107224018E+01 0.104310836E+01 0.101435991E+01
 0.985998340E+00 0.958027147E+00 0.930449796E+00 0.903269729E+00 0.876490364E+00
 0.850115092E+00 0.824147276E+00 0.798590250E+00 0.773447317E+00 0.748721747E+00
 0.724416779E+00 0.700535616E+00 0.677081423E+00 0.654057330E+00 0.631466429E+00
 0.609311768E+00 0.587596356E+00 0.566323160E+00 0.545495101E+00 0.525115055E+00
 0.505185851E+00 0.485710271E+00 0.466691047E+00 0.448130858E+00 0.430032335E+00
 0.412398052E+00 0.395230532E+00 0.378532240E+00 0.362305583E+00 0.346552914E+00
 0.331276523E+00 0.316478641E+00 0.302161437E+00 0.288327019E+00 0.274977429E+00
 0.262114646E+00 0.249740582E+00 0.237857085E+00 0.226465931E+00 0.215568832E+00
 0.205167426E+00 0.195263285E+00 0.185857907E+00 0.176952719E+00 0.168549075E+00
 0.160648257E+00 0.153251469E+00 0.146359846E+00 0.139974442E+00 0.134096239E+00
 0.128726140E+00 0.123864973E+00 0.119513488E+00 0.115672357E+00 0.112342173E+00
 0.109523451E+00 0.107216628E+00 0.105422062E+00 0.104140030E+00 0.103370732E+00
 0.103114286E+00 0.103370733E+00 0.104140033E+00 0.105422066E+00 0.107216634E+00
 0.109523458E+00 0.112342181E+00 0.115672367E+00 0.119513500E+00 0.123864986E+00
 0.128726154E+00 0.134096254E+00 0.139974459E+00 0.146359864E+00 0.153251489E+00
 0.160648278E+00 0.168549098E+00 0.176952743E+00 0.185857933E+00 0.195263312E+00
 0.205167455E+00 0.215568861E+00 0.226465962E+00 0.237857117E+00 0.249740616E+00
 0.262114681E+00 0.274977465E+00 0.288327056E+00 0.302161476E+00 0.316478681E+00
 0.331276564E+00 0.346552957E+00 0.362305628E+00 0.378532285E+00 0.395230579E+00
 0.412398101E+00 0.430032384E+00 0.448130909E+00 0.466691099E+00 0.485710325E+00
 0.505185906E+00 0.525115111E+00 0.545495158E+00 0.566323218E+00 0.587596416E+00
 0.609311828E+00 0.631466491E+00 0.654057394E+00 0.677081487E+00 0.700535681E+00
 0.724416846E+00 0.748721815E+00 0.773447386E+00 0.798590320E+00 0.824147347E+00
 0.850115165E+00 0.876490438E+00 0.903269804E+00 0.930449872E+00 0.958027224E+00
 0.985998418E+00 0.101435999E+01 0.104310844E+01 0.107224027E+01 0.110175194E+01
 0.111126077E+01 0.108177705E+01 0.105267291E+01 0.102395187E+01 0.995617439E+00
 0.967673091E+00 0.940122289E+00 0.912968470E+00 0.886215046E+00 0.859865401E+00
 0.833922890E+00 0.808390843E+00 0.783272554E+00 0.758571288E+00 0.734290277E+00
 0.710432717E+00 0.687001769E+00 0.664000554E+00 0.641432158E+00 0.619299624E+00
 0.597605955E+00 0.576354111E+00 0.555547006E+00 0.535187512E+00 0.515278452E+00
 0.495822601E+00 0.476822685E+00 0.458281379E+00 0.440201308E+00 0.422585040E+00
 0.405435092E+00 0.388753924E+00 0.372543940E+00 0.356807485E+00 0.341546846E+00
 0.326764249E+00 0.312461858E+00 0.298641775E+00 0.285306040E+00 0.272456627E+00
 0.260095443E+00 0.248224332E+00 0.236845067E+00 0.225959355E+00 0.215568833E+00
 0.205675066E+00 0.196279550E+00 0.187383710E+00 0.178988896E+00 0.171096387E+00
 0.163707385E+00 0.156823022E+00 0.150444350E+00 0.144572348E+00 0.139207918E+00
 0.134351886E+00 0.130005000E+00 0.126167930E+00 0.122841268E+00 0.120025529E+00
 0.117721148E+00 0.115928481E+00 0.114647807E+00 0.113879324E+00 0.113623150E+00
 0.113879325E+00 0.114647810E+00 0.115928486E+00 0.117721154E+00 0.120025536E+00
 0.122841277E+00 0.126167940E+00 0.130005012E+00 0.134351899E+00 0.139207933E+00
 0.144572363E+00 0.150444367E+00 0.156823040E+00 0.163707405E+00 0.171096408E+00
 0.178988919E+00 0.187383734E+00 0.196279576E+00 0.205675092E+00 0.215568861E+00
 0.225959385E+00 0.236845098E+00 0.248224364E+00 0.260095477E+00 0.272456662E+00
 0.285306077E+00 0.298641813E+00 0.312461897E+00 0.326764289E+00 0.341546888E+00
 0.356807528E+00 0.372543984E+00 0.388753970E+00 0.405435139E+00 0.422585088E+00
 0.440201357E+00 0.458281430E+00 0.476822737E+00 0.495822655E+00 0.515278507E+00
 0.535187568E+00 0.555547063E+00 0.576354169E+00 0.597606015E+00 0.619299685E+00
 0.641432220E+00 0.664000617E+00 0.687001833E+00 0.710432783E+00 0.734290344E+00
 0.758571356E+00 0.783272623E+00 0.808390913E+00 0.833922962E+00 0.859865473E+00
 0.886215120E+00 0.912968545E+00 0.940122365E+00 0.967673168E+00 0.995617517E+00
 0.102395195E+01 0.105267299E+01 0.108177713E+01 0.111126085E+01 0.112122387E+01
 0.109176942E+01 0.106269426E+01 0.103400191E+01 0.100569587E+01 0.977779612E+00
 0.950256596E+00 0.923130248E+00 0.896403973E+00 0.870081147E+00 0.844165120E+00
 0.818659213E+00 0.793566715E+00 0.768890885E+00 0.744634945E+00 0.720802087E+00
 0.697395463E+00 0.674418191E+00 0.651873347E+00 0.629763969E+00 0.608093053E+00
 0.586863553E+00 0.566078377E+00 0.545740391E+00 0.525852410E+00 0.506417204E+00
 0.487437494E+00 0.468915948E+00 0.450855185E+00 0.433257768E+00 0.416126209E+00
 0.399462961E+00 0.383270424E+00 0.367550936E+00 0.352306781E+00 0.337540177E+00
 0.323253286E+00 0.309448205E+00 0.296126968E+00 0.283291545E+00 0.270943839E+00
 0.259085689E+00 0.247718864E+00 0.236845068E+00 0.226465933E+00 0.216583022E+00
 0.207197826E+00 0.198311767E+00 0.189926193E+00 0.182042378E+00 0.174661524E+00
 0.167784757E+00 0.161413129E+00 0.155547616E+00 0.150189119E+00 0.145338460E+00
 0.140996385E+00 0.137163565E+00 0.133840589E+00 0.131027971E+00 0.128726144E+00
 0.126935466E+00 0.125656212E+00 0.124888581E+00 0.124632691E+00 0.124888582E+00
 0.125656215E+00 0.126935470E+00 0.128726150E+00 0.131027978E+00 0.133840597E+00
 0.137163575E+00 0.140996397E+00 0.145338472E+00 0.150189133E+00 0.155547632E+00
 0.161413146E+00 0.167784775E+00 0.174661544E+00 0.182042399E+00 0.189926216E+00
 0.198311791E+00 0.207197852E+00 0.216583048E+00 0.226465961E+00 0.236845098E+00
 0.247718895E+00 0.259085721E+00 0.270943872E+00 0.283291580E+00 0.296127005E+00
 0.309448243E+00 0.323253325E+00 0.337540218E+00 0.352306822E+00 0.367550979E+00
 0.383270468E+00 0.399463007E+00 0.416126256E+00 0.433257816E+00 0.450855234E+00
 0.468915999E+00 0.487437546E+00 0.506417258E+00 0.525852464E+00 0.545740446E+00
 0.566078434E+00 0.586863611E+00 0.608093113E+00 0.629764030E+00 0.651873409E+00
 0.674418254E+00 0.697395528E+00 0.720802153E+00 0.744635012E+00 0.768890953E+00
 0.793566785E+00 0.818659283E+00 0.844165192E+00 0.870081219E+00 0.896404046E+00
 0.923130323E+00 0.950256672E+00 0.977779689E+00 0.100569594E+01 0.103400199E+01
 0.106269434E+01 0.109176950E+01 0.112122395E+01 0.113163982E+01 0.110221591E+01
 0.107317101E+01 0.104450862E+01 0.101623223E+01 0.988345313E+00 0.960851311E+00
 0.933753648E+00 0.907055721E+00 0.880760900E+00 0.854872527E+00 0.829393915E+00
 0.804328348E+00 0.779679075E+00 0.755449314E+00 0.731642248E+00 0.708261023E+00
 0.685308749E+00 0.662788496E+00 0.640703296E+00 0.619056137E+00 0.597849967E+00
 0.577087687E+00 0.556772156E+00 0.536906185E+00 0.517492535E+00 0.498533921E+00
 0.480033007E+00 0.461992403E+00 0.444414668E+00 0.427302308E+00 0.410657770E+00
 0.394483448E+00 0.378781675E+00 0.363554729E+00 0.348804824E+00 0.334534116E+00
 0.320744697E+00 0.307438597E+00 0.294617779E+00 0.282284144E+00 0.270439526E+00
 0.259085689E+00 0.248224333E+00 0.237857087E+00 0.227985509E+00 0.218611088E+00
 0.209735241E+00 0.201359313E+00 0.193484575E+00 0.186112227E+00 0.179243391E+00
 0.172879117E+00 0.167020379E+00 0.161668074E+00 0.156823024E+00 0.152485974E+00
 0.148657590E+00 0.145338462E+00 0.142529102E+00 0.140229942E+00 0.138441339E+00
 0.137163568E+00 0.136396827E+00 0.136141234E+00 0.136396829E+00 0.137163571E+00
 0.138441344E+00 0.140229948E+00 0.142529109E+00 0.145338470E+00 0.148657600E+00
 0.152485985E+00 0.156823037E+00 0.161668088E+00 0.167020394E+00 0.172879134E+00
 0.179243409E+00 0.186112247E+00 0.193484597E+00 0.201359336E+00 0.209735265E+00
 0.218611113E+00 0.227985536E+00 0.237857115E+00 0.248224363E+00 0.259085720E+00
 0.270439558E+00 0.282284178E+00 0.294617814E+00 0.307438633E+00 0.320744735E+00
 0.334534155E+00 0.348804865E+00 0.363554771E+00 0.378781718E+00 0.394483492E+00
 0.410657816E+00 0.427302355E+00 0.444414717E+00 0.461992452E+00 0.480033057E+00
 0.498533973E+00 0.517492588E+00 0.536906239E+00 0.556772212E+00 0.577087744E+00
 0.597850025E+00 0.619056197E+00 0.640703357E+00 0.662788558E+00 0.685308812E+00
 0.708261087E+00 0.731642313E+00 0.755449381E+00 0.779679143E+00 0.804328416E+00
 0.829393985E+00 0.854872598E+00 0.880760972E+00 0.907055794E+00 0.933753723E+00
 0.960851387E+00 0.988345390E+00 0.101623231E+01 0.104450870E+01 0.107317109E+01
 0.110221599E+01 0.113163990E+01 0.114250718E+01 0.111311512E+01 0.108410175E+01
 0.105547057E+01 0.102722508E+01 0.999368735E+00 0.971904967E+00 0.944837195E+00
 0.918168807E+00 0.891903167E+00 0.866043609E+00 0.840593440E+00 0.815555934E+00
 0.790934334E+00 0.766731851E+00 0.742951659E+00 0.719596900E+00 0.696670673E+00
 0.674176044E+00 0.652116036E+00 0.630493631E+00 0.609311769E+00 0.588573346E+00
 0.568281212E+00 0.548438172E+00 0.529046982E+00 0.510110349E+00 0.491630930E+00
 0.473611331E+00 0.456054103E+00 0.438961746E+00 0.422336702E+00 0.406181358E+00
 0.390498042E+00 0.375289026E+00 0.360556520E+00 0.346302672E+00 0.332529571E+00
 0.319239240E+00 0.306433640E+00 0.294114665E+00 0.282284145E+00 0.270943840E+00
 0.260095445E+00 0.249740585E+00 0.239880815E+00 0.230517619E+00 0.221652411E+00
 0.213286533E+00 0.205421252E+00 0.198057765E+00 0.191197192E+00 0.184840580E+00
 0.178988900E+00 0.173643047E+00 0.168803841E+00 0.164472024E+00 0.160648262E+00
 0.157333143E+00 0.154527177E+00 0.152230797E+00 0.150444356E+00 0.149168130E+00
 0.148402316E+00 0.148147032E+00 0.148402317E+00 0.149168133E+00 0.150444360E+00
 0.152230803E+00 0.154527184E+00 0.157333152E+00 0.160648272E+00 0.164472035E+00
 0.168803854E+00 0.173643061E+00 0.178988915E+00 0.184840597E+00 0.191197211E+00
 0.198057785E+00 0.205421274E+00 0.213286555E+00 0.221652435E+00 0.230517644E+00
 0.239880842E+00 0.249740613E+00 0.260095475E+00 0.270943871E+00 0.282284177E+00
 0.294114699E+00 0.306433675E+00 0.319239277E+00 0.332529609E+00 0.346302711E+00
 0.360556560E+00 0.375289068E+00 0.390498085E+00 0.406181402E+00 0.422336747E+00
 0.438961793E+00 0.456054152E+00 0.473611380E+00 0.491630981E+00 0.510110401E+00
 0.529047035E+00 0.548438226E+00 0.568281268E+00 0.588573403E+00 0.609311827E+00
 0.630493690E+00 0.652116097E+00 0.674176106E+00 0.696670736E+00 0.719596964E+00
 0.742951725E+00 0.766731917E+00 0.790934402E+00 0.815556002E+00 0.840593510E+00
 0.866043680E+00 0.891903239E+00 0.918168881E+00 0.944837269E+00 0.971905043E+00
 0.999368812E+00 0.102722516E+01 0.105547065E+01 0.108410183E+01 0.111311520E+01
 0.114250726E+01 0.115382450E+01 0.112446555E+01 0.109548497E+01 0.106688627E+01
 0.103867291E+01 0.101084836E+01 0.983416038E+00 0.956379353E+00 0.929741687E+00
 0.903506397E+00 0.877676808E+00 0.852256218E+00 0.827247896E+00 0.802655076E+00
 0.778480962E+00 0.754728720E+00 0.731401484E+00 0.708502346E+00 0.686034365E+00
 0.664000556E+00 0.642403893E+00 0.621247311E+00 0.600533697E+00 0.580265895E+00
 0.560446703E+00 0.541078869E+00 0.522165095E+00 0.503708030E+00 0.485710273E+00
 0.468174371E+00 0.451102815E+00 0.434498043E+00 0.418362434E+00 0.402698312E+00
 0.387507941E+00 0.372793527E+00 0.358557212E+00 0.344801079E+00 0.331527147E+00
 0.318737371E+00 0.306433641E+00 0.294617780E+00 0.283291547E+00 0.272456630E+00
 0.262114649E+00 0.252267157E+00 0.242915634E+00 0.234061489E+00 0.225706061E+00
 0.217850614E+00 0.210496341E+00 0.203644360E+00 0.197295715E+00 0.191451373E+00
 0.186112230E+00 0.181279100E+00 0.176952726E+00 0.173133770E+00 0.169822819E+00
 0.167020383E+00 0.164726892E+00 0.162942699E+00 0.161668080E+00 0.160903230E+00
 0.160648267E+00 0.160903231E+00 0.161668083E+00 0.162942704E+00 0.164726898E+00
 0.167020390E+00 0.169822828E+00 0.173133780E+00 0.176952737E+00 0.181279113E+00
 0.186112244E+00 0.191451389E+00 0.197295732E+00 0.203644378E+00 0.210496361E+00
 0.217850635E+00 0.225706083E+00 0.234061513E+00 0.242915659E+00 0.252267184E+00
 0.262114677E+00 0.272456659E+00 0.283291578E+00 0.294617812E+00 0.306433674E+00
 0.318737406E+00 0.331527184E+00 0.344801117E+00 0.358557251E+00 0.372793567E+00
 0.387507983E+00 0.402698355E+00 0.418362478E+00 0.434498088E+00 0.451102862E+00
 0.468174419E+00 0.485710323E+00 0.503708081E+00 0.522165147E+00 0.541078922E+00
 0.560446757E+00 0.580265951E+00 0.600533754E+00 0.621247369E+00 0.642403953E+00
 0.664000616E+00 0.686034427E+00 0.708502409E+00 0.731401548E+00 0.754728786E+00
 0.778481028E+00 0.802655144E+00 0.827247965E+00 0.852256288E+00 0.877676879E+00
 0.903506469E+00 0.929741761E+00 0.956379427E+00 0.983416113E+00 0.101084844E+01
 0.103867299E+01 0.106688635E+01 0.109548505E+01 0.112446563E+01 0.115382458E+01
 0.116559024E+01 0.113626566E+01 0.110731914E+01 0.107875415E+01 0.105057416E+01
 0.102278261E+01 0.995382938E+00 0.968378529E+00 0.941772759E+00 0.915568977E+00
 0.889770501E+00 0.864380621E+00 0.839402597E+00 0.814839656E+00 0.790694993E+00
 0.766971767E+00 0.743673103E+00 0.720802088E+00 0.698361771E+00 0.676355159E+00
 0.654785221E+00 0.633654882E+00 0.612967023E+00 0.592724480E+00 0.572930044E+00
 0.553586456E+00 0.534696411E+00 0.516262551E+00 0.498287470E+00 0.480773704E+00
 0.463723742E+00 0.447140012E+00 0.431024890E+00 0.415380691E+00 0.400209676E+00
 0.385514041E+00 0.371295927E+00 0.357557408E+00 0.344300498E+00 0.331527148E+00
 0.319239242E+00 0.307438599E+00 0.296126971E+00 0.285306044E+00 0.274977433E+00
 0.265142685E+00 0.255803278E+00 0.246960617E+00 0.238616036E+00 0.230770797E+00
 0.223426088E+00 0.216583026E+00 0.210242650E+00 0.204405926E+00 0.199073746E+00
 0.194246924E+00 0.189926199E+00 0.186112232E+00 0.182805608E+00 0.180006835E+00
 0.177716344E+00 0.175934484E+00 0.174661532E+00 0.173897683E+00 0.173643054E+00
 0.173897684E+00 0.174661535E+00 0.175934489E+00 0.177716349E+00 0.180006842E+00
 0.182805617E+00 0.186112242E+00 0.189926210E+00 0.194246937E+00 0.199073760E+00
 0.204405942E+00 0.210242667E+00 0.216583044E+00 0.223426108E+00 0.230770818E+00
 0.238616058E+00 0.246960641E+00 0.255803303E+00 0.265142712E+00 0.274977461E+00
 0.285306073E+00 0.296127002E+00 0.307438631E+00 0.319239275E+00 0.331527183E+00
 0.344300534E+00 0.357557445E+00 0.371295965E+00 0.385514082E+00 0.400209717E+00
 0.415380734E+00 0.431024934E+00 0.447140058E+00 0.463723789E+00 0.480773752E+00
 0.498287519E+00 0.516262602E+00 0.534696463E+00 0.553586509E+00 0.572930098E+00
 0.592724536E+00 0.612967080E+00 0.633654940E+00 0.654785280E+00 0.676355220E+00
 0.698361832E+00 0.720802151E+00 0.743673167E+00 0.766971832E+00 0.790695059E+00
 0.814839723E+00 0.839402666E+00 0.864380691E+00 0.889770572E+00 0.915569049E+00
 0.941772832E+00 0.968378603E+00 0.995383014E+00 0.102278269E+01 0.105057424E+01
 0.107875423E+01 0.110731922E+01 0.113626574E+01 0.116559032E+01 0.117780281E+01
 0.114851388E+01 0.111960265E+01 0.109107260E+01 0.106292719E+01 0.103516986E+01
 0.100780403E+01 0.980833070E+00 0.954260361E+00 0.928089237E+00 0.902323010E+00
 0.876964960E+00 0.852018339E+00 0.827486366E+00 0.803372228E+00 0.779679076E+00
 0.756410027E+00 0.733568159E+00 0.711156513E+00 0.689178090E+00 0.667635849E+00
 0.646532709E+00 0.625871542E+00 0.605655178E+00 0.585886399E+00 0.566567940E+00
 0.547702487E+00 0.529292677E+00 0.511341095E+00 0.493850272E+00 0.476822688E+00
 0.460260766E+00 0.444166875E+00 0.428543325E+00 0.413392367E+00 0.398716196E+00
 0.384516942E+00 0.370796677E+00 0.357557408E+00 0.344801081E+00 0.332529573E+00
 0.320744700E+00 0.309448209E+00 0.298641779E+00 0.288327023E+00 0.278505483E+00
 0.269178632E+00 0.260347871E+00 0.252014531E+00 0.244179870E+00 0.236845073E+00
 0.230011252E+00 0.223679446E+00 0.217850617E+00 0.212525653E+00 0.207705367E+00
 0.203390496E+00 0.199581698E+00 0.196279559E+00 0.193484583E+00 0.191197199E+00
 0.189417758E+00 0.188146534E+00 0.187383721E+00 0.187129438E+00 0.187383723E+00
 0.188146537E+00 0.189417762E+00 0.191197204E+00 0.193484590E+00 0.196279567E+00
 0.199581708E+00 0.203390507E+00 0.207705380E+00 0.212525667E+00 0.217850632E+00
 0.223679463E+00 0.230011271E+00 0.236845093E+00 0.244179891E+00 0.252014553E+00
 0.260347895E+00 0.269178657E+00 0.278505510E+00 0.288327051E+00 0.298641809E+00
 0.309448240E+00 0.320744732E+00 0.332529607E+00 0.344801115E+00 0.357557445E+00
 0.370796714E+00 0.384516981E+00 0.398716236E+00 0.413392409E+00 0.428543367E+00
 0.444166919E+00 0.460260812E+00 0.476822734E+00 0.493850320E+00 0.511341144E+00
 0.529292728E+00 0.547702539E+00 0.566567993E+00 0.585886453E+00 0.605655234E+00
 0.625871599E+00 0.646532767E+00 0.667635909E+00 0.689178150E+00 0.711156575E+00
 0.733568222E+00 0.756410091E+00 0.779679141E+00 0.803372294E+00 0.827486433E+00
 0.852018407E+00 0.876965029E+00 0.902323080E+00 0.928089309E+00 0.954260434E+00
 0.980833144E+00 0.100780410E+01 0.103516994E+01 0.106292727E+01 0.109107268E+01
 0.111960273E+01 0.114851396E+01 0.117780289E+01 0.119046058E+01 0.116120853E+01
 0.113233383E+01 0.110383995E+01 0.107573034E+01 0.104800842E+01 0.102067760E+01
 0.993741268E+00 0.967202774E+00 0.941065449E+00 0.915332596E+00 0.890007487E+00
 0.865093365E+00 0.840593441E+00 0.816510893E+00 0.792848864E+00 0.769610461E+00
 0.746798757E+00 0.724416782E+00 0.702467530E+00 0.680953952E+00 0.659878958E+00
 0.639245413E+00 0.619056139E+00 0.599313911E+00 0.580021455E+00 0.561181451E+00
 0.542796527E+00 0.524869261E+00 0.507402179E+00 0.490397752E+00 0.473858397E+00
 0.457786475E+00 0.442184291E+00 0.427054089E+00 0.412398057E+00 0.398218320E+00
 0.384516943E+00 0.371295928E+00 0.358557214E+00 0.346302675E+00 0.334534120E+00
 0.323253291E+00 0.312461862E+00 0.302161442E+00 0.292353568E+00 0.283039709E+00
 0.274221261E+00 0.265899552E+00 0.258075836E+00 0.250751295E+00 0.243927037E+00
 0.237604098E+00 0.231783437E+00 0.226465940E+00 0.221652417E+00 0.217343602E+00
 0.213540154E+00 0.210242654E+00 0.207451606E+00 0.205167438E+00 0.203390499E+00
 0.202121063E+00 0.201359324E+00 0.201105398E+00 0.201359325E+00 0.202121066E+00
 0.203390503E+00 0.205167443E+00 0.207451613E+00 0.210242662E+00 0.213540164E+00
 0.217343614E+00 0.221652430E+00 0.226465954E+00 0.231783452E+00 0.237604115E+00
 0.243927055E+00 0.250751315E+00 0.258075857E+00 0.265899575E+00 0.274221285E+00
 0.283039734E+00 0.292353595E+00 0.302161470E+00 0.312461892E+00 0.323253321E+00
 0.334534152E+00 0.346302708E+00 0.358557249E+00 0.371295964E+00 0.384516980E+00
 0.398218358E+00 0.412398097E+00 0.427054130E+00 0.442184333E+00 0.457786519E+00
 0.473858442E+00 0.490397799E+00 0.507402227E+00 0.524869311E+00 0.542796577E+00
 0.561181502E+00 0.580021508E+00 0.599313965E+00 0.619056195E+00 0.639245470E+00
 0.659879016E+00 0.680954011E+00 0.702467590E+00 0.724416844E+00 0.746798820E+00
 0.769610525E+00 0.792848929E+00 0.816510959E+00 0.840593508E+00 0.865093434E+00
 0.890007557E+00 0.915332667E+00 0.941065521E+00 0.967202847E+00 0.993741342E+00
 0.102067768E+01 0.104800849E+01 0.107573041E+01 0.110384003E+01 0.113233391E+01
 0.116120861E+01 0.119046066E+01 0.120356185E+01 0.117434793E+01 0.114551098E+01
 0.111705447E+01 0.108898185E+01 0.106129653E+01 0.103400191E+01 0.100710136E+01
 0.980598222E+00 0.954495827E+00 0.928797464E+00 0.903506398E+00 0.878625862E+00
 0.854159057E+00 0.830109155E+00 0.806479288E+00 0.783272556E+00 0.760492022E+00
 0.738140709E+00 0.716221602E+00 0.694737643E+00 0.673691734E+00 0.653086733E+00
 0.632925453E+00 0.613210660E+00 0.593945074E+00 0.575131367E+00 0.556772159E+00
 0.538870021E+00 0.521427470E+00 0.504446971E+00 0.487930934E+00 0.471881714E+00
 0.456301606E+00 0.441192851E+00 0.426557628E+00 0.412398057E+00 0.398716197E+00
 0.385514043E+00 0.372793529E+00 0.360556523E+00 0.348804829E+00 0.337540182E+00
 0.326764254E+00 0.316478647E+00 0.306684893E+00 0.297384457E+00 0.288578732E+00
 0.280269041E+00 0.272456634E+00 0.265142689E+00 0.258328312E+00 0.252014534E+00
 0.246202312E+00 0.240892530E+00 0.236085995E+00 0.231783439E+00 0.227985517E+00
 0.224692811E+00 0.221905821E+00 0.219624976E+00 0.217850622E+00 0.216583033E+00
 0.215822403E+00 0.215568847E+00 0.215822404E+00 0.216583036E+00 0.217850627E+00
 0.219624981E+00 0.221905828E+00 0.224692819E+00 0.227985527E+00 0.231783450E+00
 0.236086008E+00 0.240892544E+00 0.246202328E+00 0.252014551E+00 0.258328330E+00
 0.265142709E+00 0.272456655E+00 0.280269063E+00 0.288578756E+00 0.297384482E+00
 0.306684920E+00 0.316478675E+00 0.326764283E+00 0.337540213E+00 0.348804861E+00
 0.360556557E+00 0.372793564E+00 0.385514079E+00 0.398716234E+00 0.412398096E+00
 0.426557668E+00 0.441192892E+00 0.456301649E+00 0.471881757E+00 0.487930980E+00
 0.504447018E+00 0.521427518E+00 0.538870070E+00 0.556772209E+00 0.575131419E+00
 0.593945127E+00 0.613210714E+00 0.632925508E+00 0.653086790E+00 0.673691792E+00
 0.694737702E+00 0.716221662E+00 0.738140771E+00 0.760492085E+00 0.783272620E+00
 0.806479353E+00 0.830109221E+00 0.854159125E+00 0.878625930E+00 0.903506468E+00
 0.928797535E+00 0.954495899E+00 0.980598295E+00 0.100710143E+01 0.103400198E+01
 0.106129661E+01 0.108898193E+01 0.111705455E+01 0.114551106E+01 0.117434801E+01
 0.120356194E+01 0.121710488E+01 0.118793030E+01 0.115913232E+01 0.113071439E+01
 0.110267995E+01 0.107503240E+01 0.104777514E+01 0.102091151E+01 0.994444875E+00
 0.968378530E+00 0.942715764E+00 0.917459831E+00 0.892613957E+00 0.868181334E+00
 0.844165123E+00 0.820568449E+00 0.797394402E+00 0.774646036E+00 0.752326367E+00
 0.730438368E+00 0.708984976E+00 0.687969084E+00 0.667393539E+00 0.647261148E+00
 0.627574668E+00 0.608336811E+00 0.589550241E+00 0.571217571E+00 0.553341362E+00
 0.535924126E+00 0.518968320E+00 0.502476346E+00 0.486450551E+00 0.470893225E+00
 0.455806601E+00 0.441192852E+00 0.427054090E+00 0.413392369E+00 0.400209678E+00
 0.387507945E+00 0.375289031E+00 0.363554734E+00 0.352306786E+00 0.341546852E+00
 0.331276530E+00 0.321497346E+00 0.312210762E+00 0.303418165E+00 0.295120874E+00
 0.287320136E+00 0.280017125E+00 0.273212943E+00 0.266908618E+00 0.261105105E+00
 0.255803284E+00 0.251003959E+00 0.246707860E+00 0.242915641E+00 0.239627881E+00
 0.236845079E+00 0.234567662E+00 0.232795976E+00 0.231530293E+00 0.230770807E+00
 0.230517632E+00 0.230770808E+00 0.231530296E+00 0.232795981E+00 0.234567668E+00
 0.236845086E+00 0.239627889E+00 0.242915651E+00 0.246707871E+00 0.251003971E+00
 0.255803298E+00 0.261105121E+00 0.266908635E+00 0.273212961E+00 0.280017145E+00
 0.287320157E+00 0.295120896E+00 0.303418189E+00 0.312210787E+00 0.321497373E+00
 0.331276557E+00 0.341546882E+00 0.352306817E+00 0.363554766E+00 0.375289064E+00
 0.387507979E+00 0.400209714E+00 0.413392407E+00 0.427054129E+00 0.441192891E+00
 0.455806642E+00 0.470893268E+00 0.486450595E+00 0.502476391E+00 0.518968366E+00
 0.535924174E+00 0.553341411E+00 0.571217621E+00 0.589550293E+00 0.608336864E+00
 0.627574722E+00 0.647261203E+00 0.667393596E+00 0.687969141E+00 0.708985035E+00
 0.730438428E+00 0.752326428E+00 0.774646099E+00 0.797394466E+00 0.820568514E+00
 0.844165189E+00 0.868181401E+00 0.892614025E+00 0.917459901E+00 0.942715834E+00
 0.968378602E+00 0.994444948E+00 0.102091159E+01 0.104777521E+01 0.107503248E+01
 0.110268003E+01 0.113071447E+01 0.115913240E+01 0.118793038E+01 0.121710496E+01
 0.123108787E+01 0.120195384E+01 0.117319603E+01 0.114481788E+01 0.111682279E+01
 0.108921418E+01 0.106199542E+01 0.103516986E+01 0.100874084E+01 0.982711660E+00
 0.957085586E+00 0.931865869E+00 0.907055724E+00 0.882658334E+00 0.858676850E+00
 0.835114389E+00 0.811974032E+00 0.789258823E+00 0.766971769E+00 0.745115836E+00
 0.723693949E+00 0.702708994E+00 0.682163810E+00 0.662061194E+00 0.642403896E+00
 0.623194619E+00 0.604436018E+00 0.586130699E+00 0.568281215E+00 0.550890070E+00
 0.533959713E+00 0.517492539E+00 0.501490887E+00 0.485957041E+00 0.470893226E+00
 0.456301607E+00 0.442184293E+00 0.428543327E+00 0.415380695E+00 0.402698316E+00
 0.390498047E+00 0.378781681E+00 0.367550943E+00 0.356807492E+00 0.346552922E+00
 0.336788754E+00 0.327516444E+00 0.318737377E+00 0.310452866E+00 0.302664153E+00
 0.295372410E+00 0.288578735E+00 0.282284153E+00 0.276489614E+00 0.271195996E+00
 0.266404102E+00 0.262114658E+00 0.258328316E+00 0.255045652E+00 0.252267167E+00
 0.249993282E+00 0.248224346E+00 0.246960627E+00 0.246202319E+00 0.245949538E+00
 0.246202321E+00 0.246960630E+00 0.248224350E+00 0.249993288E+00 0.252267174E+00
 0.255045661E+00 0.258328326E+00 0.262114669E+00 0.266404114E+00 0.271196010E+00
 0.276489629E+00 0.282284169E+00 0.288578753E+00 0.295372430E+00 0.302664174E+00
 0.310452888E+00 0.318737400E+00 0.327516469E+00 0.336788780E+00 0.346552949E+00
 0.356807521E+00 0.367550973E+00 0.378781713E+00 0.390498080E+00 0.402698350E+00
 0.415380731E+00 0.428543365E+00 0.442184331E+00 0.456301647E+00 0.470893267E+00
 0.485957084E+00 0.501490931E+00 0.517492584E+00 0.533959760E+00 0.550890118E+00
 0.568281264E+00 0.586130749E+00 0.604436070E+00 0.623194672E+00 0.642403950E+00
 0.662061249E+00 0.682163867E+00 0.702709052E+00 0.723694008E+00 0.745115896E+00
 0.766971830E+00 0.789258886E+00 0.811974096E+00 0.835114454E+00 0.858676916E+00
 0.882658401E+00 0.907055792E+00 0.931865938E+00 0.957085657E+00 0.982711731E+00
 0.100874092E+01 0.103516994E+01 0.106199549E+01 0.108921425E+01 0.111682287E+01
 0.114481795E+01 0.117319611E+01 0.120195392E+01 0.123108795E+01 0.124550895E+01
 0.121641669E+01 0.118770024E+01 0.115936303E+01 0.113140847E+01 0.110383995E+01
 0.107666084E+01 0.104987448E+01 0.102348419E+01 0.997493265E+00 0.971904970E+00
 0.946722539E+00 0.921949179E+00 0.897588063E+00 0.873642333E+00 0.850115096E+00
 0.827009424E+00 0.804328351E+00 0.782074875E+00 0.760251952E+00 0.738862501E+00
 0.717909395E+00 0.697395467E+00 0.677323505E+00 0.657696248E+00 0.638516393E+00
 0.619786586E+00 0.601509423E+00 0.583687451E+00 0.566323165E+00 0.549419006E+00
 0.532977362E+00 0.517000564E+00 0.501490888E+00 0.486450552E+00 0.471881716E+00
 0.457786478E+00 0.444166879E+00 0.431024894E+00 0.418362439E+00 0.406181363E+00
 0.394483454E+00 0.383270431E+00 0.372543948E+00 0.362305592E+00 0.352556881E+00
 0.343299265E+00 0.334534124E+00 0.326262767E+00 0.318486434E+00 0.311206290E+00
 0.304423430E+00 0.298138875E+00 0.292353574E+00 0.287068401E+00 0.282284155E+00
 0.278001561E+00 0.274221268E+00 0.270943851E+00 0.268169808E+00 0.265899561E+00
 0.264133454E+00 0.262871757E+00 0.262114663E+00 0.261862285E+00 0.262114664E+00
 0.262871760E+00 0.264133458E+00 0.265899566E+00 0.268169815E+00 0.270943860E+00
 0.274221278E+00 0.278001572E+00 0.282284167E+00 0.287068415E+00 0.292353589E+00
 0.298138892E+00 0.304423448E+00 0.311206309E+00 0.318486455E+00 0.326262790E+00
 0.334534148E+00 0.343299290E+00 0.352556907E+00 0.362305619E+00 0.372543977E+00
 0.383270461E+00 0.394483486E+00 0.406181396E+00 0.418362473E+00 0.431024930E+00
 0.444166916E+00 0.457786517E+00 0.471881755E+00 0.486450593E+00 0.501490930E+00
 0.517000608E+00 0.532977407E+00 0.549419053E+00 0.566323213E+00 0.583687500E+00
 0.601509473E+00 0.619786637E+00 0.638516446E+00 0.657696302E+00 0.677323560E+00
 0.697395524E+00 0.717909453E+00 0.738862560E+00 0.760252012E+00 0.782074936E+00
 0.804328413E+00 0.827009487E+00 0.850115161E+00 0.873642399E+00 0.897588130E+00
 0.921949247E+00 0.946722608E+00 0.971905040E+00 0.997493337E+00 0.102348426E+01
 0.104987455E+01 0.107666091E+01 0.110384003E+01 0.113140855E+01 0.115936311E+01
 0.118770032E+01 0.121641677E+01 0.124550903E+01 0.126036624E+01 0.123131693E+01
 0.120264302E+01 0.117434793E+01 0.114643504E+01 0.111890776E+01 0.109176942E+01
 0.106502337E+01 0.103867292E+01 0.101272134E+01 0.987171899E+00 0.962027815E+00
 0.937292285E+00 0.912968474E+00 0.889059514E+00 0.865568501E+00 0.842498498E+00
 0.819852530E+00 0.797633585E+00 0.775844611E+00 0.754488514E+00 0.733568162E+00
 0.713086376E+00 0.693045935E+00 0.673449571E+00 0.654299971E+00 0.635599773E+00
 0.617351564E+00 0.599557883E+00 0.582221216E+00 0.565343997E+00 0.548928604E+00
 0.532977363E+00 0.517492540E+00 0.502476348E+00 0.487930937E+00 0.473858401E+00
 0.460260770E+00 0.447140017E+00 0.434498048E+00 0.422336708E+00 0.410657777E+00
 0.399462969E+00 0.388753932E+00 0.378532249E+00 0.368799431E+00 0.359556923E+00
 0.350806102E+00 0.342548271E+00 0.334784665E+00 0.327516447E+00 0.320744707E+00
 0.314470463E+00 0.308694661E+00 0.303418170E+00 0.298641788E+00 0.294366237E+00
 0.290592164E+00 0.287320142E+00 0.284550667E+00 0.282284158E+00 0.280520961E+00
 0.279261343E+00 0.278505496E+00 0.278253535E+00 0.278505497E+00 0.279261346E+00
 0.280520965E+00 0.282284164E+00 0.284550674E+00 0.287320151E+00 0.290592174E+00
 0.294366248E+00 0.298641800E+00 0.303418184E+00 0.308694676E+00 0.314470480E+00
 0.320744725E+00 0.327516467E+00 0.334784686E+00 0.342548293E+00 0.350806126E+00
 0.359556948E+00 0.368799457E+00 0.378532276E+00 0.388753961E+00 0.399462999E+00
 0.410657809E+00 0.422336741E+00 0.434498083E+00 0.447140053E+00 0.460260808E+00
 0.473858439E+00 0.487930977E+00 0.502476389E+00 0.517492583E+00 0.532977406E+00
 0.548928649E+00 0.565344043E+00 0.582221263E+00 0.599557932E+00 0.617351614E+00
 0.635599824E+00 0.654300024E+00 0.673449625E+00 0.693045990E+00 0.713086432E+00
 0.733568219E+00 0.754488573E+00 0.775844670E+00 0.797633646E+00 0.819852593E+00
 0.842498562E+00 0.865568566E+00 0.889059579E+00 0.912968541E+00 0.937292353E+00
 0.962027884E+00 0.987171969E+00 0.101272141E+01 0.103867299E+01 0.106502344E+01
 0.109176949E+01 0.111890783E+01 0.114643512E+01 0.117434800E+01 0.120264310E+01
 0.123131701E+01 0.126036632E+01 0.127565777E+01 0.124665260E+01 0.121802240E+01
 0.118977057E+01 0.116190051E+01 0.113441558E+01 0.110731914E+01 0.108061451E+01
 0.105430498E+01 0.102839383E+01 0.100288430E+01 0.977779616E+00 0.953082952E+00
 0.928797466E+00 0.904926281E+00 0.881472482E+00 0.858439123E+00 0.835829220E+00
 0.813645748E+00 0.791891648E+00 0.770569817E+00 0.749683111E+00 0.729234343E+00
 0.709226284E+00 0.689661655E+00 0.670543135E+00 0.651873352E+00 0.633654886E+00
 0.615890266E+00 0.598581970E+00 0.581732423E+00 0.565343997E+00 0.549419008E+00
 0.533959715E+00 0.518968323E+00 0.504446975E+00 0.490397756E+00 0.476822693E+00
 0.463723747E+00 0.451102821E+00 0.438961753E+00 0.427302315E+00 0.416126217E+00
 0.405435101E+00 0.395230542E+00 0.385514048E+00 0.376287060E+00 0.367550946E+00
 0.359307008E+00 0.351556475E+00 0.344300507E+00 0.337540188E+00 0.331276535E+00
 0.325510488E+00 0.320242915E+00 0.315474611E+00 0.311206294E+00 0.307438610E+00
 0.304172129E+00 0.301407344E+00 0.299144676E+00 0.297384468E+00 0.296126985E+00
 0.295372419E+00 0.295120885E+00 0.295372421E+00 0.296126988E+00 0.297384472E+00
 0.299144682E+00 0.301407351E+00 0.304172137E+00 0.307438620E+00 0.311206305E+00
 0.315474623E+00 0.320242929E+00 0.325510503E+00 0.331276552E+00 0.337540207E+00
 0.344300526E+00 0.351556496E+00 0.359307030E+00 0.367550970E+00 0.376287085E+00
 0.385514075E+00 0.395230569E+00 0.405435130E+00 0.416126247E+00 0.427302347E+00
 0.438961786E+00 0.451102856E+00 0.463723783E+00 0.476822730E+00 0.490397795E+00
 0.504447014E+00 0.518968364E+00 0.533959758E+00 0.549419051E+00 0.565344042E+00
 0.581732469E+00 0.598582017E+00 0.615890315E+00 0.633654936E+00 0.651873403E+00
 0.670543188E+00 0.689661709E+00 0.709226339E+00 0.729234399E+00 0.749683168E+00
 0.770569875E+00 0.791891708E+00 0.813645809E+00 0.835829282E+00 0.858439187E+00
 0.881472547E+00 0.904926346E+00 0.928797533E+00 0.953083020E+00 0.977779685E+00
 0.100288437E+01 0.102839390E+01 0.105430505E+01 0.108061458E+01 0.110731922E+01
 0.113441566E+01 0.116190058E+01 0.118977065E+01 0.121802248E+01 0.124665268E+01
 0.127565785E+01 0.129138154E+01 0.126242167E+01 0.123383633E+01 0.120562892E+01
 0.117780281E+01 0.115036137E+01 0.112330793E+01 0.109664580E+01 0.107037828E+01
 0.104450862E+01 0.101904007E+01 0.993975811E+00 0.969319037E+00 0.945072886E+00
 0.921240469E+00 0.897824865E+00 0.874829114E+00 0.852256222E+00 0.830109157E+00
 0.808390848E+00 0.787104182E+00 0.766252007E+00 0.745837125E+00 0.725862297E+00
 0.706330236E+00 0.687243611E+00 0.668605042E+00 0.650417098E+00 0.632682301E+00
 0.615403120E+00 0.598581971E+00 0.582221217E+00 0.566323167E+00 0.550890073E+00
 0.535924130E+00 0.521427474E+00 0.507402184E+00 0.493850277E+00 0.480773711E+00
 0.468174378E+00 0.456054111E+00 0.444414677E+00 0.433257777E+00 0.422585049E+00
 0.412398063E+00 0.402698320E+00 0.393487255E+00 0.384766234E+00 0.376536552E+00
 0.368799434E+00 0.361556034E+00 0.354807436E+00 0.348554649E+00 0.342798613E+00
 0.337540191E+00 0.332780174E+00 0.328519280E+00 0.324758151E+00 0.321497355E+00
 0.318737385E+00 0.316478658E+00 0.314721515E+00 0.313466224E+00 0.312712973E+00
 0.312461877E+00 0.312712974E+00 0.313466227E+00 0.314721520E+00 0.316478663E+00
 0.318737392E+00 0.321497364E+00 0.324758161E+00 0.328519291E+00 0.332780187E+00
 0.337540204E+00 0.342798628E+00 0.348554666E+00 0.354807454E+00 0.361556053E+00
 0.368799454E+00 0.376536574E+00 0.384766258E+00 0.393487280E+00 0.402698346E+00
 0.412398090E+00 0.422585078E+00 0.433257808E+00 0.444414708E+00 0.456054144E+00
 0.468174412E+00 0.480773746E+00 0.493850314E+00 0.507402222E+00 0.521427514E+00
 0.535924171E+00 0.550890115E+00 0.566323211E+00 0.582221262E+00 0.598582017E+00
 0.615403167E+00 0.632682349E+00 0.650417148E+00 0.668605093E+00 0.687243664E+00
 0.706330290E+00 0.725862352E+00 0.745837181E+00 0.766252064E+00 0.787104241E+00
 0.808390908E+00 0.830109218E+00 0.852256284E+00 0.874829177E+00 0.897824929E+00
 0.921240535E+00 0.945072952E+00 0.969319105E+00 0.993975880E+00 0.101904014E+01
 0.104450870E+01 0.107037835E+01 0.109664588E+01 0.112330800E+01 0.115036144E+01
 0.117780289E+01 0.120562900E+01 0.123383641E+01 0.126242175E+01 0.129138162E+01
 0.130753550E+01 0.127862209E+01 0.125008276E+01 0.122192089E+01 0.119413986E+01
 0.116674300E+01 0.113973366E+01 0.111311512E+01 0.108689067E+01 0.106106356E+01
 0.103563701E+01 0.101061422E+01 0.985998345E+00 0.961792527E+00 0.937999863E+00
 0.914623421E+00 0.891666231E+00 0.869131289E+00 0.847021553E+00 0.825339941E+00
 0.804089331E+00 0.783272560E+00 0.762892421E+00 0.742951665E+00 0.723452996E+00
 0.704399072E+00 0.685792504E+00 0.667635854E+00 0.649931633E+00 0.632682302E+00
 0.615890267E+00 0.599557885E+00 0.583687454E+00 0.568281219E+00 0.553341366E+00
 0.538870026E+00 0.524869267E+00 0.511341101E+00 0.498287476E+00 0.485710281E+00
 0.473611339E+00 0.461992412E+00 0.450855195E+00 0.440201318E+00 0.430032346E+00
 0.420349775E+00 0.411155035E+00 0.402449486E+00 0.394234418E+00 0.386511051E+00
 0.379280537E+00 0.372543953E+00 0.366302307E+00 0.360556532E+00 0.355307491E+00
 0.350555971E+00 0.346302686E+00 0.342548277E+00 0.339293310E+00 0.336538274E+00
 0.334283587E+00 0.332529588E+00 0.331276542E+00 0.330524639E+00 0.330273993E+00
 0.330524641E+00 0.331276545E+00 0.332529592E+00 0.334283592E+00 0.336538281E+00
 0.339293318E+00 0.342548287E+00 0.346302697E+00 0.350555983E+00 0.355307505E+00
 0.360556548E+00 0.366302324E+00 0.372543971E+00 0.379280556E+00 0.386511072E+00
 0.394234440E+00 0.402449509E+00 0.411155060E+00 0.420349802E+00 0.430032373E+00
 0.440201347E+00 0.450855225E+00 0.461992443E+00 0.473611372E+00 0.485710315E+00
 0.498287512E+00 0.511341138E+00 0.524869305E+00 0.538870065E+00 0.553341407E+00
 0.568281261E+00 0.583687498E+00 0.599557930E+00 0.615890313E+00 0.632682349E+00
 0.649931682E+00 0.667635904E+00 0.685792555E+00 0.704399124E+00 0.723453049E+00
 0.742951719E+00 0.762892477E+00 0.783272617E+00 0.804089389E+00 0.825340001E+00
 0.847021614E+00 0.869131351E+00 0.891666294E+00 0.914623485E+00 0.937999928E+00
 0.961792593E+00 0.985998413E+00 0.101061429E+01 0.103563708E+01 0.106106363E+01
 0.108689074E+01 0.111311519E+01 0.113973373E+01 0.116674308E+01 0.119413993E+01
 0.122192097E+01 0.125008284E+01 0.127862217E+01 0.130753558E+01 0.132411756E+01
 0.129525175E+01 0.126675955E+01 0.123864435E+01 0.121090949E+01 0.118355832E+01
 0.115659415E+01 0.113002027E+01 0.110383995E+01 0.107805643E+01 0.105267292E+01
 0.102769260E+01 0.100311863E+01 0.978954134E+00 0.955202195E+00 0.931865872E+00
 0.908948186E+00 0.886452121E+00 0.864380626E+00 0.842736607E+00 0.821522932E+00
 0.800742428E+00 0.780397880E+00 0.760492026E+00 0.741027562E+00 0.722007137E+00
 0.703433350E+00 0.685308756E+00 0.667635855E+00 0.650417099E+00 0.633654888E+00
 0.617351567E+00 0.601509426E+00 0.586130703E+00 0.571217575E+00 0.556772165E+00
 0.542796533E+00 0.529292684E+00 0.516262559E+00 0.503708038E+00 0.491630939E+00
 0.480033016E+00 0.468915959E+00 0.458281390E+00 0.448130870E+00 0.438465888E+00
 0.429287868E+00 0.420598166E+00 0.412398066E+00 0.404688784E+00 0.397471468E+00
 0.390747189E+00 0.384516953E+00 0.378781689E+00 0.373542256E+00 0.368799438E+00
 0.364553947E+00 0.360806420E+00 0.357557422E+00 0.354807441E+00 0.352556891E+00
 0.350806112E+00 0.349555366E+00 0.348804844E+00 0.348554658E+00 0.348804845E+00
 0.349555369E+00 0.350806116E+00 0.352556897E+00 0.354807448E+00 0.357557431E+00
 0.360806430E+00 0.364553958E+00 0.368799450E+00 0.373542269E+00 0.378781704E+00
 0.384516970E+00 0.390747207E+00 0.397471487E+00 0.404688805E+00 0.412398088E+00
 0.420598189E+00 0.429287893E+00 0.438465914E+00 0.448130897E+00 0.458281419E+00
 0.468915989E+00 0.480033048E+00 0.491630972E+00 0.503708072E+00 0.516262594E+00
 0.529292721E+00 0.542796571E+00 0.556772204E+00 0.571217616E+00 0.586130745E+00
 0.601509470E+00 0.617351611E+00 0.633654934E+00 0.650417146E+00 0.667635903E+00
 0.685308805E+00 0.703433401E+00 0.722007189E+00 0.741027616E+00 0.760492081E+00
 0.780397936E+00 0.800742486E+00 0.821522990E+00 0.842736666E+00 0.864380686E+00
 0.886452183E+00 0.908948249E+00 0.931865936E+00 0.955202260E+00 0.978954200E+00
 0.100311870E+01 0.102769267E+01 0.105267299E+01 0.107805650E+01 0.110384002E+01
 0.113002034E+01 0.115659422E+01 0.118355839E+01 0.121090957E+01 0.123864442E+01
 0.126675963E+01 0.129525183E+01 0.132411764E+01 0.134112556E+01 0.131230848E+01
 0.128386454E+01 0.125579710E+01 0.122810952E+01 0.120080511E+01 0.117388719E+01
 0.114735902E+01 0.112122388E+01 0.109548498E+01 0.107014552E+01 0.104520868E+01
 0.102067761E+01 0.996555400E+00 0.972845147E+00 0.949549890E+00 0.926672638E+00
 0.904216367E+00 0.882184013E+00 0.860578472E+00 0.839402602E+00 0.818659220E+00
 0.798351098E+00 0.778480968E+00 0.759051513E+00 0.740065373E+00 0.721525138E+00
 0.703433351E+00 0.685792506E+00 0.668605044E+00 0.651873355E+00 0.635599776E+00
 0.619786590E+00 0.604436023E+00 0.589550247E+00 0.575131373E+00 0.561181458E+00
 0.547702495E+00 0.534696419E+00 0.522165104E+00 0.510110359E+00 0.498533932E+00
 0.487437505E+00 0.476822697E+00 0.466691059E+00 0.457044077E+00 0.447883168E+00
 0.439209683E+00 0.431024901E+00 0.423330034E+00 0.416126223E+00 0.409414538E+00
 0.403195978E+00 0.397471470E+00 0.392241868E+00 0.387507956E+00 0.383270440E+00
 0.379529957E+00 0.376287068E+00 0.373542259E+00 0.371295943E+00 0.369548458E+00
 0.368300067E+00 0.367550957E+00 0.367301242E+00 0.367550959E+00 0.368300070E+00
 0.369548462E+00 0.371295949E+00 0.373542266E+00 0.376287076E+00 0.379529967E+00
 0.383270451E+00 0.387507968E+00 0.392241882E+00 0.397471485E+00 0.403195994E+00
 0.409414556E+00 0.416126242E+00 0.423330054E+00 0.431024923E+00 0.439209706E+00
 0.447883193E+00 0.457044103E+00 0.466691087E+00 0.476822726E+00 0.487437535E+00
 0.498533963E+00 0.510110392E+00 0.522165138E+00 0.534696455E+00 0.547702532E+00
 0.561181496E+00 0.575131413E+00 0.589550287E+00 0.604436065E+00 0.619786633E+00
 0.635599821E+00 0.651873401E+00 0.668605091E+00 0.685792554E+00 0.703433401E+00
 0.721525188E+00 0.740065425E+00 0.759051566E+00 0.778481022E+00 0.798351154E+00
 0.818659277E+00 0.839402660E+00 0.860578531E+00 0.882184073E+00 0.904216429E+00
 0.926672701E+00 0.949549954E+00 0.972845212E+00 0.996555467E+00 0.102067767E+01
 0.104520875E+01 0.107014559E+01 0.109548505E+01 0.112122395E+01 0.114735910E+01
 0.117388726E+01 0.120080519E+01 0.122810959E+01 0.125579718E+01 0.128386462E+01
 0.131230856E+01 0.134112564E+01 0.135855731E+01 0.132979008E+01 0.130139550E+01
 0.127337692E+01 0.124573769E+01 0.121848112E+01 0.119161050E+01 0.116512910E+01
 0.113904015E+01 0.111334689E+01 0.108805249E+01 0.106316013E+01 0.103867292E+01
 0.101459397E+01 0.990926354E+00 0.967673097E+00 0.944837201E+00 0.922421628E+00
 0.900429304E+00 0.878863115E+00 0.857725909E+00 0.837020491E+00 0.816749623E+00
 0.796916026E+00 0.777522374E+00 0.758571296E+00 0.740065373E+00 0.722007138E+00
 0.704399074E+00 0.687243614E+00 0.670543139E+00 0.654299975E+00 0.638516398E+00
 0.623194625E+00 0.608336817E+00 0.593945081E+00 0.580021462E+00 0.566567948E+00
 0.553586465E+00 0.541078879E+00 0.529046992E+00 0.517492546E+00 0.506417216E+00
 0.495822613E+00 0.485710284E+00 0.476081708E+00 0.466938296E+00 0.458281393E+00
 0.450112275E+00 0.442432146E+00 0.435242145E+00 0.428543337E+00 0.422336716E+00
 0.416623207E+00 0.411403659E+00 0.406678852E+00 0.402449492E+00 0.398716211E+00
 0.395479568E+00 0.392740048E+00 0.390498061E+00 0.388753945E+00 0.387507961E+00
 0.386760295E+00 0.386511062E+00 0.386760297E+00 0.387507963E+00 0.388753949E+00
 0.390498067E+00 0.392740054E+00 0.395479576E+00 0.398716221E+00 0.402449503E+00
 0.406678865E+00 0.411403673E+00 0.416623222E+00 0.422336733E+00 0.428543355E+00
 0.435242165E+00 0.442432167E+00 0.450112297E+00 0.458281417E+00 0.466938321E+00
 0.476081734E+00 0.485710312E+00 0.495822642E+00 0.506417246E+00 0.517492577E+00
 0.529047025E+00 0.541078913E+00 0.553586500E+00 0.566567985E+00 0.580021500E+00
 0.593945121E+00 0.608336858E+00 0.623194666E+00 0.638516441E+00 0.654300020E+00
 0.670543184E+00 0.687243661E+00 0.704399122E+00 0.722007187E+00 0.740065424E+00
 0.758571348E+00 0.777522428E+00 0.796916081E+00 0.816749679E+00 0.837020548E+00
 0.857725967E+00 0.878863175E+00 0.900429364E+00 0.922421689E+00 0.944837263E+00
 0.967673161E+00 0.990926419E+00 0.101459404E+01 0.103867299E+01 0.106316020E+01
 0.108805256E+01 0.111334696E+01 0.113904023E+01 0.116512917E+01 0.119161058E+01
 0.121848120E+01 0.124573777E+01 0.127337700E+01 0.130139558E+01 0.132979016E+01
 0.135855740E+01 0.137641059E+01 0.134769430E+01 0.131935017E+01 0.129138154E+01
 0.126379173E+01 0.123658405E+01 0.120976178E+01 0.118332816E+01 0.115728644E+01
 0.113163982E+01 0.110639148E+01 0.108154456E+01 0.105710219E+01 0.103306745E+01
 0.100944340E+01 0.986233069E+00 0.963439436E+00 0.941065454E+00 0.919114040E+00
 0.897588067E+00 0.876490372E+00 0.855823749E+00 0.835590952E+00 0.815794689E+00
 0.796437624E+00 0.777522375E+00 0.759051514E+00 0.741027564E+00 0.723452998E+00
 0.706330240E+00 0.689661659E+00 0.673449576E+00 0.657696254E+00 0.642403902E+00
 0.627574675E+00 0.613210667E+00 0.599313919E+00 0.585886408E+00 0.572930053E+00
 0.560446713E+00 0.548438183E+00 0.536906196E+00 0.525852422E+00 0.515278465E+00
 0.505185865E+00 0.495576095E+00 0.486450560E+00 0.477810601E+00 0.469657486E+00
 0.461992417E+00 0.454816526E+00 0.448130875E+00 0.441936453E+00 0.436234180E+00
 0.431024905E+00 0.426309402E+00 0.422088374E+00 0.418362451E+00 0.415132190E+00
 0.412398073E+00 0.410160510E+00 0.408419836E+00 0.407176311E+00 0.406430122E+00
 0.406181380E+00 0.406430123E+00 0.407176314E+00 0.408419840E+00 0.410160516E+00
 0.412398080E+00 0.415132198E+00 0.418362461E+00 0.422088385E+00 0.426309414E+00
 0.431024919E+00 0.436234196E+00 0.441936469E+00 0.448130893E+00 0.454816546E+00
 0.461992438E+00 0.469657508E+00 0.477810624E+00 0.486450585E+00 0.495576121E+00
 0.505185892E+00 0.515278494E+00 0.525852452E+00 0.536906228E+00 0.548438216E+00
 0.560446747E+00 0.572930089E+00 0.585886444E+00 0.599313957E+00 0.613210707E+00
 0.627574715E+00 0.642403944E+00 0.657696297E+00 0.673449620E+00 0.689661705E+00
 0.706330287E+00 0.723453047E+00 0.741027614E+00 0.759051565E+00 0.777522427E+00
 0.796437677E+00 0.815794743E+00 0.835591008E+00 0.855823806E+00 0.876490430E+00
 0.897588126E+00 0.919114100E+00 0.941065516E+00 0.963439498E+00 0.986233133E+00
 0.100944347E+01 0.103306752E+01 0.105710226E+01 0.108154463E+01 0.110639155E+01
 0.113163989E+01 0.115728651E+01 0.118332824E+01 0.120976185E+01 0.123658413E+01
 0.126379181E+01 0.129138162E+01 0.131935025E+01 0.134769438E+01 0.137641067E+01
 0.139468311E+01 0.136601886E+01 0.133772625E+01 0.130980863E+01 0.128226930E+01
 0.125511155E+01 0.122833865E+01 0.120195385E+01 0.117596036E+01 0.115036137E+01
 0.112516006E+01 0.110035956E+01 0.107596297E+01 0.105197338E+01 0.102839383E+01
 0.100522733E+01 0.982476860E+00 0.960145352E+00 0.938235714E+00 0.916750808E+00
 0.895693461E+00 0.875066456E+00 0.854872534E+00 0.835114394E+00 0.815794689E+00
 0.796916028E+00 0.778480970E+00 0.760492029E+00 0.742951668E+00 0.725862301E+00
 0.709226288E+00 0.693045940E+00 0.677323511E+00 0.662061201E+00 0.647261155E+00
 0.632925461E+00 0.619056148E+00 0.605655188E+00 0.592724490E+00 0.580265906E+00
 0.568281224E+00 0.556772169E+00 0.545740403E+00 0.535187526E+00 0.525115069E+00
 0.515524500E+00 0.506417219E+00 0.497794558E+00 0.489657783E+00 0.482008090E+00
 0.474846605E+00 0.468174386E+00 0.461992419E+00 0.456301620E+00 0.451102832E+00
 0.446396827E+00 0.442184307E+00 0.438465896E+00 0.435242151E+00 0.432513551E+00
 0.430280504E+00 0.428543344E+00 0.427302330E+00 0.426557647E+00 0.426309408E+00
 0.426557649E+00 0.427302333E+00 0.428543348E+00 0.430280510E+00 0.432513558E+00
 0.435242159E+00 0.438465906E+00 0.442184318E+00 0.446396840E+00 0.451102846E+00
 0.456301635E+00 0.461992436E+00 0.468174404E+00 0.474846625E+00 0.482008110E+00
 0.489657805E+00 0.497794581E+00 0.506417243E+00 0.515524526E+00 0.525115097E+00
 0.535187555E+00 0.545740433E+00 0.556772200E+00 0.568281256E+00 0.580265940E+00
 0.592724525E+00 0.605655224E+00 0.619056186E+00 0.632925500E+00 0.647261195E+00
 0.662061243E+00 0.677323554E+00 0.693045984E+00 0.709226334E+00 0.725862348E+00
 0.742951716E+00 0.760492078E+00 0.778481020E+00 0.796916079E+00 0.815794742E+00
 0.835114449E+00 0.854872590E+00 0.875066513E+00 0.895693519E+00 0.916750867E+00
 0.938235774E+00 0.960145414E+00 0.982476923E+00 0.100522740E+01 0.102839390E+01
 0.105197345E+01 0.107596304E+01 0.110035963E+01 0.112516013E+01 0.115036144E+01
 0.117596043E+01 0.120195392E+01 0.122833873E+01 0.125511163E+01 0.128226938E+01
 0.130980871E+01 0.133772633E+01 0.136601893E+01 0.139468319E+01 0.141337254E+01
 0.138476140E+01 0.135652139E+01 0.132865583E+01 0.130116802E+01 0.127406123E+01
 0.124733873E+01 0.122100374E+01 0.119505947E+01 0.116950910E+01 0.114435578E+01
 0.111960265E+01 0.109525280E+01 0.107130928E+01 0.104777514E+01 0.102465337E+01
 0.100194694E+01 0.979658780E+00 0.957791773E+00 0.936348776E+00 0.915332602E+00
 0.894746025E+00 0.874591773E+00 0.854872535E+00 0.835590953E+00 0.816749625E+00
 0.798351101E+00 0.780397883E+00 0.762892425E+00 0.745837130E+00 0.729234349E+00
 0.713086382E+00 0.697395474E+00 0.682163818E+00 0.667393547E+00 0.653086742E+00
 0.639245423E+00 0.625871552E+00 0.612967034E+00 0.600533708E+00 0.588573358E+00
 0.577087700E+00 0.566078391E+00 0.555547021E+00 0.545495116E+00 0.535924137E+00
 0.526835479E+00 0.518230468E+00 0.510110364E+00 0.502476358E+00 0.495329572E+00
 0.488671058E+00 0.482501798E+00 0.476822704E+00 0.471634616E+00 0.466938302E+00
 0.462734461E+00 0.459023715E+00 0.455806617E+00 0.453083646E+00 0.450855207E+00
 0.449121632E+00 0.447883179E+00 0.447140034E+00 0.446892307E+00 0.447140036E+00
 0.447883182E+00 0.449121636E+00 0.450855212E+00 0.453083653E+00 0.455806626E+00
 0.459023725E+00 0.462734472E+00 0.466938315E+00 0.471634629E+00 0.476822719E+00
 0.482501814E+00 0.488671076E+00 0.495329591E+00 0.502476379E+00 0.510110386E+00
 0.518230491E+00 0.526835503E+00 0.535924163E+00 0.545495143E+00 0.555547049E+00
 0.566078421E+00 0.577087732E+00 0.588573390E+00 0.600533742E+00 0.612967069E+00
 0.625871589E+00 0.639245461E+00 0.653086781E+00 0.667393587E+00 0.682163859E+00
 0.697395517E+00 0.713086426E+00 0.729234394E+00 0.745837176E+00 0.762892473E+00
 0.780397932E+00 0.798351152E+00 0.816749677E+00 0.835591006E+00 0.854872589E+00
 0.874591828E+00 0.894746081E+00 0.915332660E+00 0.936348835E+00 0.957791833E+00
 0.979658841E+00 0.100194701E+01 0.102465344E+01 0.104777521E+01 0.107130935E+01
 0.109525286E+01 0.111960272E+01 0.114435585E+01 0.116950917E+01 0.119505954E+01
 0.122100381E+01 0.124733880E+01 0.127406131E+01 0.130116810E+01 0.132865591E+01
 0.135652147E+01 0.138476148E+01 0.141337262E+01 0.143247653E+01 0.140391956E+01
 0.137573320E+01 0.134792074E+01 0.132048547E+01 0.129343066E+01 0.126675955E+01
 0.124047537E+01 0.121458130E+01 0.118908051E+01 0.116397615E+01 0.113927133E+01
 0.111496913E+01 0.109107261E+01 0.106758478E+01 0.104450863E+01 0.102184711E+01
 0.999603152E+00 0.977779620E+00 0.956379361E+00 0.935405174E+00 0.914859823E+00
 0.894746025E+00 0.875066457E+00 0.855823751E+00 0.837020493E+00 0.818659223E+00
 0.800742432E+00 0.783272564E+00 0.766252012E+00 0.749683117E+00 0.733568168E+00
 0.717909403E+00 0.702709002E+00 0.687969092E+00 0.673691743E+00 0.659878968E+00
 0.646532720E+00 0.633654893E+00 0.621247323E+00 0.609311782E+00 0.597849980E+00
 0.586863567E+00 0.576354125E+00 0.566323176E+00 0.556772171E+00 0.547702501E+00
 0.539115486E+00 0.531012379E+00 0.523394367E+00 0.516262567E+00 0.509618026E+00
 0.503461722E+00 0.497794562E+00 0.492617383E+00 0.487930951E+00 0.483735958E+00
 0.480033027E+00 0.476822707E+00 0.474105474E+00 0.471881733E+00 0.470151813E+00
 0.468915972E+00 0.468174395E+00 0.467927190E+00 0.468174396E+00 0.468915975E+00
 0.470151817E+00 0.471881738E+00 0.474105481E+00 0.476822715E+00 0.480033037E+00
 0.483735969E+00 0.487930963E+00 0.492617397E+00 0.497794577E+00 0.503461738E+00
 0.509618044E+00 0.516262586E+00 0.523394388E+00 0.531012401E+00 0.539115509E+00
 0.547702525E+00 0.556772197E+00 0.566323203E+00 0.576354154E+00 0.586863597E+00
 0.597850012E+00 0.609311814E+00 0.621247357E+00 0.633654928E+00 0.646532756E+00
 0.659879006E+00 0.673691782E+00 0.687969133E+00 0.702709044E+00 0.717909446E+00
 0.733568212E+00 0.749683162E+00 0.766252058E+00 0.783272612E+00 0.800742482E+00
 0.818659273E+00 0.837020545E+00 0.855823804E+00 0.875066511E+00 0.894746080E+00
 0.914859879E+00 0.935405232E+00 0.956379419E+00 0.977779680E+00 0.999603213E+00
 0.102184718E+01 0.104450869E+01 0.106758484E+01 0.109107267E+01 0.111496920E+01
 0.113927140E+01 0.116397622E+01 0.118908058E+01 0.121458137E+01 0.124047544E+01
 0.126675963E+01 0.129343074E+01 0.132048555E+01 0.134792081E+01 0.137573327E+01
 0.140391964E+01 0.143247661E+01 0.145199267E+01 0.142349092E+01 0.139535923E+01
 0.136760090E+01 0.134021919E+01 0.131321736E+01 0.128659864E+01 0.126036624E+01
 0.123452334E+01 0.120907309E+01 0.118401862E+01 0.115936304E+01 0.113510941E+01
 0.111126077E+01 0.108782014E+01 0.106479049E+01 0.104217475E+01 0.101997584E+01
 0.998196614E+00 0.976839909E+00 0.955908513E+00 0.935405175E+00 0.915332604E+00
 0.895693463E+00 0.876490374E+00 0.857725912E+00 0.839402606E+00 0.821522937E+00
 0.804089336E+00 0.787104188E+00 0.770569823E+00 0.754488521E+00 0.738862509E+00
 0.723693958E+00 0.708984986E+00 0.694737653E+00 0.680953963E+00 0.667635861E+00
 0.654785233E+00 0.642403906E+00 0.630493644E+00 0.619056152E+00 0.608093068E+00
 0.597605971E+00 0.587596372E+00 0.578065721E+00 0.569015398E+00 0.560446718E+00
 0.552360931E+00 0.544759216E+00 0.537642685E+00 0.531012381E+00 0.524869278E+00
 0.519214278E+00 0.514048215E+00 0.509371850E+00 0.505185873E+00 0.501490904E+00
 0.498287490E+00 0.495576104E+00 0.493357149E+00 0.491630954E+00 0.490397774E+00
 0.489657793E+00 0.489411121E+00 0.489657795E+00 0.490397777E+00 0.491630958E+00
 0.493357155E+00 0.495576111E+00 0.498287498E+00 0.501490914E+00 0.505185884E+00
 0.509371862E+00 0.514048228E+00 0.519214293E+00 0.524869294E+00 0.531012399E+00
 0.537642704E+00 0.544759236E+00 0.552360953E+00 0.560446741E+00 0.569015422E+00
 0.578065746E+00 0.587596399E+00 0.597605999E+00 0.608093098E+00 0.619056183E+00
 0.630493677E+00 0.642403940E+00 0.654785268E+00 0.667635897E+00 0.680954000E+00
 0.694737692E+00 0.708985026E+00 0.723694000E+00 0.738862552E+00 0.754488565E+00
 0.770569868E+00 0.787104235E+00 0.804089384E+00 0.821522986E+00 0.839402656E+00
 0.857725964E+00 0.876490427E+00 0.895693517E+00 0.915332659E+00 0.935405231E+00
 0.955908570E+00 0.976839968E+00 0.998196674E+00 0.101997590E+01 0.104217482E+01
 0.106479055E+01 0.108782021E+01 0.111126084E+01 0.113510948E+01 0.115936311E+01
 0.118401869E+01 0.120907316E+01 0.123452341E+01 0.126036631E+01 0.128659872E+01
 0.131321744E+01 0.134021927E+01 0.136760098E+01 0.139535931E+01 0.142349100E+01
 0.145199275E+01 0.147191851E+01 0.144347302E+01 0.141539703E+01 0.138769383E+01
 0.136036668E+01 0.133341882E+01 0.130685347E+01 0.128067381E+01 0.125488303E+01
 0.122948425E+01 0.120448061E+01 0.117987518E+01 0.115567102E+01 0.113187117E+01
 0.110847861E+01 0.108549631E+01 0.106292720E+01 0.104077417E+01 0.101904007E+01
 0.997727725E+00 0.976839910E+00 0.956379362E+00 0.936348778E+00 0.916750811E+00
 0.897588070E+00 0.878863119E+00 0.860578476E+00 0.842736612E+00 0.825339947E+00
 0.808390855E+00 0.791891655E+00 0.775844618E+00 0.760251961E+00 0.745115845E+00
 0.730438378E+00 0.716221612E+00 0.702467541E+00 0.689178102E+00 0.676355172E+00
 0.664000569E+00 0.652116050E+00 0.640703311E+00 0.629763984E+00 0.619299640E+00
 0.609311784E+00 0.599801858E+00 0.590771236E+00 0.582221228E+00 0.574153077E+00
 0.566567956E+00 0.559466974E+00 0.552851167E+00 0.546721506E+00 0.541078888E+00
 0.535924143E+00 0.531258030E+00 0.527081234E+00 0.523394373E+00 0.520197990E+00
 0.517492558E+00 0.515278477E+00 0.513556074E+00 0.512325604E+00 0.511587249E+00
 0.511341119E+00 0.511587250E+00 0.512325606E+00 0.513556078E+00 0.515278482E+00
 0.517492565E+00 0.520197998E+00 0.523394382E+00 0.527081245E+00 0.531258042E+00
 0.535924157E+00 0.541078903E+00 0.546721522E+00 0.552851185E+00 0.559466993E+00
 0.566567977E+00 0.574153098E+00 0.582221251E+00 0.590771260E+00 0.599801884E+00
 0.609311811E+00 0.619299669E+00 0.629764014E+00 0.640703342E+00 0.652116082E+00
 0.664000603E+00 0.676355207E+00 0.689178138E+00 0.702467579E+00 0.716221651E+00
 0.730438418E+00 0.745115886E+00 0.760252004E+00 0.775844662E+00 0.791891700E+00
 0.808390901E+00 0.825339995E+00 0.842736661E+00 0.860578527E+00 0.878863171E+00
 0.897588123E+00 0.916750865E+00 0.936348833E+00 0.956379418E+00 0.976839967E+00
 0.997727784E+00 0.101904013E+01 0.104077423E+01 0.106292726E+01 0.108549637E+01
 0.110847867E+01 0.113187123E+01 0.115567109E+01 0.117987525E+01 0.120448068E+01
 0.122948432E+01 0.125488310E+01 0.128067389E+01 0.130685354E+01 0.133341890E+01
 0.136036676E+01 0.138769391E+01 0.141539711E+01 0.144347310E+01 0.147191859E+01
 0.149225158E+01 0.146386335E+01 0.143584407E+01 0.140819701E+01 0.138092540E+01
 0.135403248E+01 0.132752146E+01 0.130139550E+01 0.127565777E+01 0.125031140E+01
 0.122535949E+01 0.120080512E+01 0.117665132E+01 0.115290112E+01 0.112955750E+01
 0.110662341E+01 0.108410175E+01 0.106199543E+01 0.104030726E+01 0.101904007E+01
 0.998196616E+00 0.977779622E+00 0.957791776E+00 0.938235717E+00 0.919114043E+00
 0.900429308E+00 0.882184018E+00 0.864380632E+00 0.847021560E+00 0.830109165E+00
 0.813645756E+00 0.797633594E+00 0.782074884E+00 0.766971779E+00 0.752326377E+00
 0.738140721E+00 0.724416794E+00 0.711156526E+00 0.698361784E+00 0.686034379E+00
 0.674176059E+00 0.662788512E+00 0.651873363E+00 0.641432175E+00 0.631466446E+00
 0.621977611E+00 0.612967039E+00 0.604436033E+00 0.596385829E+00 0.588817596E+00
 0.581732437E+00 0.575131384E+00 0.569015402E+00 0.563385385E+00 0.558242158E+00
 0.553586477E+00 0.549419024E+00 0.545740414E+00 0.542551187E+00 0.539851814E+00
 0.537642692E+00 0.535924148E+00 0.534696436E+00 0.533959736E+00 0.533714158E+00
 0.533959737E+00 0.534696438E+00 0.535924152E+00 0.537642697E+00 0.539851820E+00
 0.542551195E+00 0.545740423E+00 0.549419035E+00 0.553586489E+00 0.558242172E+00
 0.563385400E+00 0.569015418E+00 0.575131402E+00 0.581732456E+00 0.588817616E+00
 0.596385850E+00 0.604436056E+00 0.612967063E+00 0.621977637E+00 0.631466473E+00
 0.641432203E+00 0.651873393E+00 0.662788543E+00 0.674176091E+00 0.686034413E+00
 0.698361819E+00 0.711156562E+00 0.724416832E+00 0.738140759E+00 0.752326417E+00
 0.766971820E+00 0.782074926E+00 0.797633638E+00 0.813645801E+00 0.830109211E+00
 0.847021608E+00 0.864380680E+00 0.882184068E+00 0.900429360E+00 0.919114096E+00
 0.938235770E+00 0.957791831E+00 0.977779678E+00 0.998196673E+00 0.101904013E+01
 0.104030732E+01 0.106199549E+01 0.108410182E+01 0.110662347E+01 0.112955756E+01
 0.115290119E+01 0.117665139E+01 0.120080518E+01 0.122535956E+01 0.125031147E+01
 0.127565784E+01 0.130139557E+01 0.132752153E+01 0.135403256E+01 0.138092548E+01
 0.140819708E+01 0.143584415E+01 0.146386343E+01 0.149225166E+01 0.151298935E+01
 0.148465939E+01 0.145669782E+01 0.142910787E+01 0.140189277E+01 0.137505576E+01
 0.134860000E+01 0.132252868E+01 0.129684494E+01 0.127155188E+01 0.124665261E+01
 0.122215017E+01 0.119804761E+01 0.117434793E+01 0.115105410E+01 0.112816904E+01
 0.110569568E+01 0.108363686E+01 0.106199543E+01 0.104077417E+01 0.101997584E+01
 0.999603155E+00 0.979658783E+00 0.960145356E+00 0.941065459E+00 0.922421633E+00
 0.904216373E+00 0.886452128E+00 0.869131297E+00 0.852256230E+00 0.835829228E+00
 0.819852540E+00 0.804328361E+00 0.789258834E+00 0.774646048E+00 0.760492034E+00
 0.746798769E+00 0.733568172E+00 0.720802102E+00 0.708502361E+00 0.696670689E+00
 0.685308765E+00 0.674418208E+00 0.664000572E+00 0.654057349E+00 0.644589966E+00
 0.635599786E+00 0.627088106E+00 0.619056156E+00 0.611505100E+00 0.604436035E+00
 0.597849987E+00 0.591747918E+00 0.586130717E+00 0.580999205E+00 0.576354134E+00
 0.572196183E+00 0.568525964E+00 0.565344016E+00 0.562650804E+00 0.560446727E+00
 0.558732108E+00 0.557507200E+00 0.556772184E+00 0.556527166E+00 0.556772185E+00
 0.557507203E+00 0.558732112E+00 0.560446733E+00 0.562650811E+00 0.565344024E+00
 0.568525974E+00 0.572196194E+00 0.576354146E+00 0.580999218E+00 0.586130731E+00
 0.591747934E+00 0.597850005E+00 0.604436054E+00 0.611505121E+00 0.619056178E+00
 0.627088129E+00 0.635599811E+00 0.644589992E+00 0.654057376E+00 0.664000600E+00
 0.674418237E+00 0.685308796E+00 0.696670721E+00 0.708502395E+00 0.720802137E+00
 0.733568208E+00 0.746798807E+00 0.760492073E+00 0.774646088E+00 0.789258875E+00
 0.804328403E+00 0.819852583E+00 0.835829273E+00 0.852256276E+00 0.869131344E+00
 0.886452177E+00 0.904216423E+00 0.922421684E+00 0.941065511E+00 0.960145410E+00
 0.979658838E+00 0.999603211E+00 0.101997590E+01 0.104077423E+01 0.106199549E+01
 0.108363692E+01 0.110569574E+01 0.112816911E+01 0.115105416E+01 0.117434800E+01
 0.119804768E+01 0.122215024E+01 0.124665267E+01 0.127155195E+01 0.129684501E+01
 0.132252876E+01 0.134860008E+01 0.137505583E+01 0.140189285E+01 0.142910794E+01
 0.145669789E+01 0.148465947E+01 0.151298943E+01 0.153412926E+01 0.150585857E+01
 0.147795567E+01 0.145042380E+01 0.142326618E+01 0.139648601E+01 0.137008647E+01
 0.134407070E+01 0.131844185E+01 0.129320300E+01 0.126835725E+01 0.124390764E+01
 0.121985718E+01 0.119620886E+01 0.117296565E+01 0.115013046E+01 0.112770618E+01
 0.110569568E+01 0.108410176E+01 0.106292720E+01 0.104217476E+01 0.102184712E+01
 0.100194695E+01 0.982476865E+00 0.963439441E+00 0.944837207E+00 0.926672645E+00
 0.908948193E+00 0.891666239E+00 0.874829122E+00 0.858439133E+00 0.842498508E+00
 0.827009434E+00 0.811974043E+00 0.797394414E+00 0.783272569E+00 0.769610475E+00
 0.756410041E+00 0.743673118E+00 0.731401499E+00 0.719596916E+00 0.708261040E+00
 0.697395481E+00 0.687001787E+00 0.677081442E+00 0.667635866E+00 0.658666416E+00
 0.650174382E+00 0.642160988E+00 0.634627392E+00 0.627574685E+00 0.621003891E+00
 0.614915964E+00 0.609311791E+00 0.604192187E+00 0.599557901E+00 0.595409610E+00
 0.591747921E+00 0.588573370E+00 0.585886423E+00 0.583687473E+00 0.581976844E+00
 0.580754787E+00 0.580021481E+00 0.579777034E+00 0.580021482E+00 0.580754789E+00
 0.581976848E+00 0.583687479E+00 0.585886430E+00 0.588573378E+00 0.591747931E+00
 0.595409621E+00 0.599557913E+00 0.604192201E+00 0.609311805E+00 0.614915980E+00
 0.621003909E+00 0.627574704E+00 0.634627412E+00 0.642161009E+00 0.650174405E+00
 0.658666440E+00 0.667635892E+00 0.677081469E+00 0.687001815E+00 0.697395510E+00
 0.708261070E+00 0.719596948E+00 0.731401532E+00 0.743673153E+00 0.756410077E+00
 0.769610512E+00 0.783272608E+00 0.797394454E+00 0.811974085E+00 0.827009476E+00
 0.842498552E+00 0.858439178E+00 0.874829168E+00 0.891666286E+00 0.908948241E+00
 0.926672695E+00 0.944837258E+00 0.963439493E+00 0.982476918E+00 0.100194700E+01
 0.102184717E+01 0.104217481E+01 0.106292726E+01 0.108410182E+01 0.110569574E+01
 0.112770624E+01 0.115013052E+01 0.117296571E+01 0.119620893E+01 0.121985724E+01
 0.124390770E+01 0.126835732E+01 0.129320307E+01 0.131844192E+01 0.134407077E+01
 0.137008654E+01 0.139648608E+01 0.142326625E+01 0.145042388E+01 0.147795575E+01
 0.150585865E+01 0.153412934E+01 0.155566873E+01 0.152745827E+01 0.149961501E+01
 0.147214218E+01 0.144504297E+01 0.141832057E+01 0.139197816E+01 0.136601886E+01
 0.134044579E+01 0.131526205E+01 0.129047069E+01 0.126607475E+01 0.124207724E+01
 0.121848113E+01 0.119528936E+01 0.117250484E+01 0.115013046E+01 0.112816904E+01
 0.110662341E+01 0.108549631E+01 0.106479049E+01 0.104450863E+01 0.102465338E+01
 0.100522734E+01 0.986233075E+00 0.967673104E+00 0.949549897E+00 0.931865879E+00
 0.914623429E+00 0.897824874E+00 0.881472492E+00 0.865568512E+00 0.850115107E+00
 0.835114401E+00 0.820568461E+00 0.806479301E+00 0.792848878E+00 0.779679091E+00
 0.766971782E+00 0.754728736E+00 0.742951676E+00 0.731642265E+00 0.720802105E+00
 0.710432736E+00 0.700535635E+00 0.691112215E+00 0.682163826E+00 0.673691752E+00
 0.665697210E+00 0.658181353E+00 0.651145267E+00 0.644589970E+00 0.638516411E+00
 0.632925473E+00 0.627817968E+00 0.623194639E+00 0.619056162E+00 0.615403138E+00
 0.612236104E+00 0.609555520E+00 0.607361779E+00 0.605655204E+00 0.604436043E+00
 0.603704475E+00 0.603460607E+00 0.603704476E+00 0.604436045E+00 0.605655208E+00
 0.607361785E+00 0.609555527E+00 0.612236112E+00 0.615403148E+00 0.619056172E+00
 0.623194652E+00 0.627817981E+00 0.632925488E+00 0.638516428E+00 0.644589988E+00
 0.651145286E+00 0.658181374E+00 0.665697231E+00 0.673691774E+00 0.682163850E+00
 0.691112241E+00 0.700535662E+00 0.710432764E+00 0.720802135E+00 0.731642296E+00
 0.742951708E+00 0.754728770E+00 0.766971817E+00 0.779679127E+00 0.792848915E+00
 0.806479340E+00 0.820568501E+00 0.835114442E+00 0.850115149E+00 0.865568555E+00
 0.881472537E+00 0.897824920E+00 0.914623476E+00 0.931865928E+00 0.949549946E+00
 0.967673155E+00 0.986233127E+00 0.100522739E+01 0.102465343E+01 0.104450869E+01
 0.106479055E+01 0.108549637E+01 0.110662347E+01 0.112816911E+01 0.115013052E+01
 0.117250491E+01 0.119528942E+01 0.121848119E+01 0.124207731E+01 0.126607482E+01
 0.129047076E+01 0.131526212E+01 0.134044586E+01 0.136601893E+01 0.139197823E+01
 0.141832065E+01 0.144504304E+01 0.147214225E+01 0.149961509E+01 0.152745835E+01
 0.155566880E+01 0.157760512E+01 0.154945586E+01 0.152167319E+01 0.149426032E+01
 0.146722045E+01 0.144055675E+01 0.141427237E+01 0.138837043E+01 0.136285403E+01
 0.133772626E+01 0.131299015E+01 0.128864874E+01 0.126470501E+01 0.124116192E+01
 0.121802240E+01 0.119528936E+01 0.117296565E+01 0.115105410E+01 0.112955750E+01
 0.110847861E+01 0.108782015E+01 0.106758478E+01 0.104777515E+01 0.102839384E+01
 0.100944341E+01 0.990926361E+00 0.972845155E+00 0.955202203E+00 0.937999872E+00
 0.921240479E+00 0.904926291E+00 0.889059525E+00 0.873642345E+00 0.858676862E+00
 0.844165136E+00 0.830109169E+00 0.816510907E+00 0.803372243E+00 0.790695009E+00
 0.778480979E+00 0.766731868E+00 0.755449332E+00 0.744634964E+00 0.734290297E+00
 0.724416799E+00 0.715015878E+00 0.706088876E+00 0.697637070E+00 0.689661672E+00
 0.682163828E+00 0.675144620E+00 0.668605058E+00 0.662546090E+00 0.656968591E+00
 0.651873371E+00 0.647261169E+00 0.643132656E+00 0.639488433E+00 0.636329029E+00
 0.633654908E+00 0.631466457E+00 0.629763997E+00 0.628547777E+00 0.627817974E+00
 0.627574695E+00 0.627817975E+00 0.628547780E+00 0.629764001E+00 0.631466462E+00
 0.633654914E+00 0.636329038E+00 0.639488442E+00 0.643132667E+00 0.647261181E+00
 0.651873385E+00 0.656968606E+00 0.662546106E+00 0.668605076E+00 0.675144638E+00
 0.682163848E+00 0.689661693E+00 0.697637092E+00 0.706088900E+00 0.715015904E+00
 0.724416826E+00 0.734290325E+00 0.744634993E+00 0.755449363E+00 0.766731900E+00
 0.778481012E+00 0.790695043E+00 0.803372279E+00 0.816510944E+00 0.830109207E+00
 0.844165176E+00 0.858676903E+00 0.873642387E+00 0.889059568E+00 0.904926336E+00
 0.921240525E+00 0.937999919E+00 0.955202251E+00 0.972845204E+00 0.990926412E+00
 0.100944346E+01 0.102839389E+01 0.104777520E+01 0.106758484E+01 0.108782020E+01
 0.110847867E+01 0.112955756E+01 0.115105416E+01 0.117296571E+01 0.119528942E+01
 0.121802247E+01 0.124116198E+01 0.126470507E+01 0.128864881E+01 0.131299022E+01
 0.133772633E+01 0.136285410E+01 0.138837050E+01 0.141427244E+01 0.144055682E+01
 0.146722053E+01 0.149426040E+01 0.152167326E+01 0.154945593E+01 0.157760520E+01
 0.159993578E+01 0.157184865E+01 0.154412750E+01 0.151677553E+01 0.148979591E+01
 0.146319180E+01 0.143696634E+01 0.141112264E+01 0.138566378E+01 0.136059283E+01
 0.133591283E+01 0.131162677E+01 0.128773764E+01 0.126424838E+01 0.124116192E+01
 0.121848113E+01 0.119620886E+01 0.117434794E+01 0.115290112E+01 0.113187117E+01
 0.111126078E+01 0.109107261E+01 0.107130929E+01 0.105197339E+01 0.103306746E+01
 0.101459398E+01 0.996555409E+00 0.978954143E+00 0.961792537E+00 0.945072896E+00
 0.928797478E+00 0.912968486E+00 0.897588075E+00 0.882658347E+00 0.868181348E+00
 0.854159072E+00 0.840593456E+00 0.827486382E+00 0.814839672E+00 0.802655094E+00
 0.790934352E+00 0.779679093E+00 0.768890904E+00 0.758571308E+00 0.748721768E+00
 0.739343682E+00 0.730438386E+00 0.722007151E+00 0.714051183E+00 0.706571623E+00
 0.699569543E+00 0.693045953E+00 0.687001793E+00 0.681437934E+00 0.676355183E+00
 0.671754273E+00 0.667635874E+00 0.664000581E+00 0.660848924E+00 0.658181360E+00
 0.655998278E+00 0.654299996E+00 0.653086760E+00 0.652358748E+00 0.652116066E+00
 0.652358750E+00 0.653086763E+00 0.654300000E+00 0.655998283E+00 0.658181367E+00
 0.660848932E+00 0.664000591E+00 0.667635884E+00 0.671754286E+00 0.676355196E+00
 0.681437949E+00 0.687001809E+00 0.693045971E+00 0.699569562E+00 0.706571643E+00
 0.714051205E+00 0.722007174E+00 0.730438410E+00 0.739343708E+00 0.748721795E+00
 0.758571336E+00 0.768890933E+00 0.779679124E+00 0.790934384E+00 0.802655127E+00
 0.814839707E+00 0.827486418E+00 0.840593493E+00 0.854159110E+00 0.868181388E+00
 0.882658388E+00 0.897588117E+00 0.912968529E+00 0.928797522E+00 0.945072942E+00
 0.961792584E+00 0.978954191E+00 0.996555458E+00 0.101459403E+01 0.103306751E+01
 0.105197344E+01 0.107130934E+01 0.109107267E+01 0.111126084E+01 0.113187123E+01
 0.115290118E+01 0.117434800E+01 0.119620892E+01 0.121848119E+01 0.124116198E+01
 0.126424845E+01 0.128773771E+01 0.131162684E+01 0.133591289E+01 0.136059290E+01
 0.138566385E+01 0.141112271E+01 0.143696641E+01 0.146319188E+01 0.148979598E+01
 0.151677560E+01 0.154412758E+01 0.157184873E+01 0.159993585E+01 0.162265801E+01
 0.159463394E+01 0.156697523E+01 0.153968506E+01 0.151276659E+01 0.148622296E+01
 0.146005730E+01 0.143427270E+01 0.140887223E+01 0.138385895E+01 0.135923587E+01
 0.133500599E+01 0.131117227E+01 0.128773764E+01 0.126470501E+01 0.124207724E+01
 0.121985718E+01 0.119804762E+01 0.117665132E+01 0.115567103E+01 0.113510941E+01
 0.111496914E+01 0.109525280E+01 0.107596298E+01 0.105710220E+01 0.103867293E+01
 0.102067761E+01 0.100311864E+01 0.985998356E+00 0.969319048E+00 0.953082964E+00
 0.937292297E+00 0.921949192E+00 0.907055737E+00 0.892613971E+00 0.878625877E+00
 0.865093381E+00 0.852018355E+00 0.839402614E+00 0.827247914E+00 0.815555952E+00
 0.804328367E+00 0.793566735E+00 0.783272574E+00 0.773447338E+00 0.764092418E+00
 0.755209143E+00 0.746798777E+00 0.738862520E+00 0.731401506E+00 0.724416803E+00
 0.717909415E+00 0.711880277E+00 0.706330256E+00 0.701260152E+00 0.696670699E+00
 0.692562558E+00 0.688936326E+00 0.685792526E+00 0.683131615E+00 0.680953979E+00
 0.679259934E+00 0.678049726E+00 0.677323531E+00 0.677081455E+00 0.677323533E+00
 0.678049729E+00 0.679259938E+00 0.680953984E+00 0.683131622E+00 0.685792534E+00
 0.688936335E+00 0.692562569E+00 0.696670711E+00 0.701260166E+00 0.706330271E+00
 0.711880293E+00 0.717909433E+00 0.724416822E+00 0.731401526E+00 0.738862541E+00
 0.746798800E+00 0.755209167E+00 0.764092443E+00 0.773447365E+00 0.783272602E+00
 0.793566765E+00 0.804328397E+00 0.815555984E+00 0.827247947E+00 0.839402648E+00
 0.852018391E+00 0.865093418E+00 0.878625915E+00 0.892614011E+00 0.907055778E+00
 0.921949234E+00 0.937292341E+00 0.953083008E+00 0.969319094E+00 0.985998403E+00
 0.100311869E+01 0.102067766E+01 0.103867298E+01 0.105710225E+01 0.107596303E+01
 0.109525286E+01 0.111496919E+01 0.113510947E+01 0.115567108E+01 0.117665138E+01
 0.119804768E+01 0.121985724E+01 0.124207731E+01 0.126470507E+01 0.128773770E+01
 0.131117233E+01 0.133500606E+01 0.135923594E+01 0.138385902E+01 0.140887230E+01
 0.143427277E+01 0.146005737E+01 0.148622303E+01 0.151276666E+01 0.153968513E+01
 0.156697531E+01 0.159463402E+01 0.162265808E+01 0.164576909E+01 0.161780900E+01
 0.159021363E+01 0.156298614E+01 0.153612970E+01 0.150964742E+01 0.148354242E+01
 0.145781777E+01 0.143247653E+01 0.140752175E+01 0.138295641E+01 0.135878351E+01
 0.133500599E+01 0.131162677E+01 0.128864874E+01 0.126607476E+01 0.124390764E+01
 0.122215018E+01 0.120080512E+01 0.117987518E+01 0.115936304E+01 0.113927134E+01
 0.111960266E+01 0.110035957E+01 0.108154457E+01 0.106316014E+01 0.104520869E+01
 0.102769261E+01 0.101061423E+01 0.993975823E+00 0.977779628E+00 0.962027828E+00
 0.946722553E+00 0.931865883E+00 0.917459846E+00 0.903506414E+00 0.890007503E+00
 0.876964977E+00 0.864380639E+00 0.852256237E+00 0.840593459E+00 0.829393935E+00
 0.818659234E+00 0.808390864E+00 0.798590272E+00 0.789258842E+00 0.780397896E+00
 0.772008691E+00 0.764092420E+00 0.756650212E+00 0.749683130E+00 0.743192170E+00
 0.737178264E+00 0.731642273E+00 0.726584995E+00 0.722007157E+00 0.717909419E+00
 0.714292372E+00 0.711156540E+00 0.708502374E+00 0.706330260E+00 0.704640512E+00
 0.703433374E+00 0.702709022E+00 0.702467560E+00 0.702709023E+00 0.703433377E+00
 0.704640516E+00 0.706330266E+00 0.708502381E+00 0.711156548E+00 0.714292382E+00
 0.717909429E+00 0.722007169E+00 0.726585008E+00 0.731642288E+00 0.737178280E+00
 0.743192188E+00 0.749683149E+00 0.756650232E+00 0.764092441E+00 0.772008713E+00
 0.780397920E+00 0.789258867E+00 0.798590298E+00 0.808390892E+00 0.818659263E+00
 0.829393965E+00 0.840593491E+00 0.852256270E+00 0.864380673E+00 0.876965012E+00
 0.890007540E+00 0.903506452E+00 0.917459886E+00 0.931865924E+00 0.946722595E+00
 0.962027871E+00 0.977779673E+00 0.993975869E+00 0.101061428E+01 0.102769266E+01
 0.104520874E+01 0.106316019E+01 0.108154462E+01 0.110035962E+01 0.111960271E+01
 0.113927139E+01 0.115936310E+01 0.117987524E+01 0.120080518E+01 0.122215024E+01
 0.124390770E+01 0.126607482E+01 0.128864880E+01 0.131162684E+01 0.133500606E+01
 0.135878358E+01 0.138295648E+01 0.140752182E+01 0.143247660E+01 0.145781784E+01
 0.148354249E+01 0.150964750E+01 0.153612978E+01 0.156298622E+01 0.159021370E+01
 0.161780907E+01 0.164576916E+01 0.166926626E+01 0.164137104E+01 0.161383990E+01
 0.158667598E+01 0.155988243E+01 0.153346236E+01 0.150741886E+01 0.148175500E+01
 0.145647382E+01 0.143157833E+01 0.140707155E+01 0.138295641E+01 0.135923587E+01
 0.133591283E+01 0.131299016E+01 0.129047070E+01 0.126835726E+01 0.124665261E+01
 0.122535950E+01 0.120448061E+01 0.118401863E+01 0.116397616E+01 0.114435579E+01
 0.112516007E+01 0.110639149E+01 0.108805250E+01 0.107014553E+01 0.105267293E+01
 0.103563702E+01 0.101904008E+01 0.100288432E+01 0.987171912E+00 0.971904984E+00
 0.957085601E+00 0.942715779E+00 0.928797481E+00 0.915332613E+00 0.902323027E+00
 0.889770519E+00 0.877676827E+00 0.866043629E+00 0.854872547E+00 0.844165141E+00
 0.833922912E+00 0.824147299E+00 0.814839677E+00 0.806001362E+00 0.797633604E+00
 0.789737591E+00 0.782314443E+00 0.775365219E+00 0.768890910E+00 0.762892441E+00
 0.757370671E+00 0.752326391E+00 0.747760325E+00 0.743673130E+00 0.740065394E+00
 0.736937636E+00 0.734290307E+00 0.732123790E+00 0.730438396E+00 0.729234370E+00
 0.728511885E+00 0.728271045E+00 0.728511886E+00 0.729234373E+00 0.730438400E+00
 0.732123795E+00 0.734290314E+00 0.736937644E+00 0.740065403E+00 0.743673141E+00
 0.747760337E+00 0.752326404E+00 0.757370685E+00 0.762892457E+00 0.768890927E+00
 0.775365238E+00 0.782314463E+00 0.789737612E+00 0.797633627E+00 0.806001386E+00
 0.814839702E+00 0.824147325E+00 0.833922940E+00 0.844165170E+00 0.854872577E+00
 0.866043661E+00 0.877676860E+00 0.889770553E+00 0.902323063E+00 0.915332650E+00
 0.928797519E+00 0.942715819E+00 0.957085642E+00 0.971905026E+00 0.987171955E+00
 0.100288436E+01 0.101904012E+01 0.103563707E+01 0.105267298E+01 0.107014558E+01
 0.108805255E+01 0.110639154E+01 0.112516012E+01 0.114435585E+01 0.116397621E+01
 0.118401868E+01 0.120448067E+01 0.122535955E+01 0.124665267E+01 0.126835732E+01
 0.129047076E+01 0.131299022E+01 0.133591289E+01 0.135923594E+01 0.138295648E+01
 0.140707161E+01 0.143157840E+01 0.145647388E+01 0.148175507E+01 0.150741893E+01
 0.153346243E+01 0.155988251E+01 0.158667606E+01 0.161383997E+01 0.164137112E+01
 0.166926634E+01 0.169314674E+01 0.166531727E+01 0.163785123E+01 0.161075174E+01
 0.158402194E+01 0.155766491E+01 0.153168375E+01 0.150608149E+01 0.148086117E+01
 0.145602579E+01 0.143157833E+01 0.140752175E+01 0.138385895E+01 0.136059284E+01
 0.133772626E+01 0.131526205E+01 0.129320301E+01 0.127155189E+01 0.125031141E+01
 0.122948426E+01 0.120907309E+01 0.118908052E+01 0.116950911E+01 0.115036138E+01
 0.113163983E+01 0.111334690E+01 0.109548499E+01 0.107805644E+01 0.106106357E+01
 0.104450864E+01 0.102839384E+01 0.101272136E+01 0.997493280E+00 0.982711675E+00
 0.968378546E+00 0.954495844E+00 0.941065467E+00 0.928089256E+00 0.915568996E+00
 0.903506416E+00 0.891903187E+00 0.880760921E+00 0.870081169E+00 0.859865423E+00
 0.850115115E+00 0.840831614E+00 0.832016227E+00 0.823670197E+00 0.815794705E+00
 0.808390868E+00 0.801459736E+00 0.795002294E+00 0.789019465E+00 0.783512100E+00
 0.778480989E+00 0.773926849E+00 0.769850335E+00 0.766252031E+00 0.763132453E+00
 0.760492050E+00 0.758331202E+00 0.756650220E+00 0.755449346E+00 0.754728752E+00
 0.754488543E+00 0.754728754E+00 0.755449349E+00 0.756650224E+00 0.758331208E+00
 0.760492057E+00 0.763132461E+00 0.766252040E+00 0.769850345E+00 0.773926861E+00
 0.778481002E+00 0.783512115E+00 0.789019481E+00 0.795002312E+00 0.801459754E+00
 0.808390888E+00 0.815794727E+00 0.823670219E+00 0.832016250E+00 0.840831639E+00
 0.850115141E+00 0.859865451E+00 0.870081197E+00 0.880760951E+00 0.891903219E+00
 0.903506449E+00 0.915569030E+00 0.928089291E+00 0.941065503E+00 0.954495882E+00
 0.968378585E+00 0.982711716E+00 0.997493322E+00 0.101272140E+01 0.102839389E+01
 0.104450868E+01 0.106106362E+01 0.107805649E+01 0.109548504E+01 0.111334695E+01
 0.113163988E+01 0.115036143E+01 0.116950916E+01 0.118908057E+01 0.120907315E+01
 0.122948432E+01 0.125031147E+01 0.127155194E+01 0.129320307E+01 0.131526212E+01
 0.133772632E+01 0.136059290E+01 0.138385902E+01 0.140752181E+01 0.143157840E+01
 0.145602586E+01 0.148086124E+01 0.150608156E+01 0.153168382E+01 0.155766499E+01
 0.158402201E+01 0.161075182E+01 0.163785130E+01 0.166531735E+01 0.169314682E+01
 0.171740773E+01 0.168964487E+01 0.166224478E+01 0.163521057E+01 0.160854534E+01
 0.158225219E+01 0.155633417E+01 0.153079432E+01 0.150563566E+01 0.148086117E+01
 0.145647382E+01 0.143247654E+01 0.140887223E+01 0.138566379E+01 0.136285404E+01
 0.134044580E+01 0.131844185E+01 0.129684494E+01 0.127565778E+01 0.125488303E+01
 0.123452334E+01 0.121458131E+01 0.119505948E+01 0.117596037E+01 0.115728645E+01
 0.113904017E+01 0.112122389E+01 0.110383996E+01 0.108689068E+01 0.107037829E+01
 0.105430499E+01 0.103867293E+01 0.102348421E+01 0.100874086E+01 0.994444892E+00
 0.980598240E+00 0.967202792E+00 0.954260380E+00 0.941772779E+00 0.929741708E+00
 0.918168828E+00 0.907055743E+00 0.896403995E+00 0.886215069E+00 0.876490388E+00
 0.867231312E+00 0.858439143E+00 0.850115117E+00 0.842260407E+00 0.834876124E+00
 0.827963312E+00 0.821522952E+00 0.815555960E+00 0.810063184E+00 0.805045406E+00
 0.800503344E+00 0.796437645E+00 0.792848892E+00 0.789737597E+00 0.787104208E+00
 0.784949101E+00 0.783272586E+00 0.782074904E+00 0.781356226E+00 0.781116655E+00
 0.781356227E+00 0.782074906E+00 0.783272590E+00 0.784949107E+00 0.787104215E+00
 0.789737605E+00 0.792848901E+00 0.796437656E+00 0.800503356E+00 0.805045419E+00
 0.810063198E+00 0.815555976E+00 0.821522970E+00 0.827963331E+00 0.834876144E+00
 0.842260428E+00 0.850115139E+00 0.858439167E+00 0.867231338E+00 0.876490414E+00
 0.886215097E+00 0.896404024E+00 0.907055773E+00 0.918168860E+00 0.929741740E+00
 0.941772813E+00 0.954260415E+00 0.967202829E+00 0.980598278E+00 0.994444931E+00
 0.100874090E+01 0.102348425E+01 0.103867298E+01 0.105430504E+01 0.107037834E+01
 0.108689073E+01 0.110384001E+01 0.112122394E+01 0.113904022E+01 0.115728650E+01
 0.117596042E+01 0.119505953E+01 0.121458136E+01 0.123452340E+01 0.125488309E+01
 0.127565784E+01 0.129684500E+01 0.131844191E+01 0.134044586E+01 0.136285410E+01
 0.138566385E+01 0.140887230E+01 0.143247660E+01 0.145647388E+01 0.148086124E+01
 0.150563573E+01 0.153079439E+01 0.155633424E+01 0.158225226E+01 0.160854541E+01
 0.163521064E+01 0.166224485E+01 0.168964495E+01 0.171740780E+01 0.174204637E+01
 0.171435098E+01 0.168701768E+01 0.166004957E+01 0.163344974E+01 0.160722127E+01
 0.158136720E+01 0.155589055E+01 0.153079432E+01 0.150608149E+01 0.148175500E+01
 0.145781777E+01 0.143427270E+01 0.141112264E+01 0.138837043E+01 0.136601886E+01
 0.134407071E+01 0.132252869E+01 0.130139551E+01 0.128067382E+01 0.126036625E+01
 0.124047538E+01 0.122100375E+01 0.120195386E+01 0.118332817E+01 0.116512911E+01
 0.114735904E+01 0.113002028E+01 0.111311513E+01 0.109664582E+01 0.108061452E+01
 0.106502339E+01 0.104987449E+01 0.103516988E+01 0.102091153E+01 0.100710137E+01
 0.993741287E+00 0.980833090E+00 0.968378549E+00 0.956379374E+00 0.944837216E+00
 0.933753671E+00 0.923130271E+00 0.912968494E+00 0.903269753E+00 0.894035404E+00
 0.885266737E+00 0.876964983E+00 0.869131310E+00 0.861766820E+00 0.854872553E+00
 0.848449484E+00 0.842498522E+00 0.837020512E+00 0.832016232E+00 0.827486394E+00
 0.823431643E+00 0.819852557E+00 0.816749647E+00 0.814123357E+00 0.811974061E+00
 0.810302068E+00 0.809107616E+00 0.808390877E+00 0.808151953E+00 0.808390878E+00
 0.809107619E+00 0.810302072E+00 0.811974067E+00 0.814123363E+00 0.816749655E+00
 0.819852566E+00 0.823431653E+00 0.827486406E+00 0.832016245E+00 0.837020526E+00
 0.842498538E+00 0.848449501E+00 0.854872571E+00 0.861766840E+00 0.869131331E+00
 0.876965006E+00 0.885266761E+00 0.894035428E+00 0.903269779E+00 0.912968521E+00
 0.923130300E+00 0.933753701E+00 0.944837248E+00 0.956379406E+00 0.968378583E+00
 0.980833125E+00 0.993741323E+00 0.100710141E+01 0.102091157E+01 0.103516992E+01
 0.104987454E+01 0.106502343E+01 0.108061457E+01 0.109664586E+01 0.111311518E+01
 0.113002033E+01 0.114735909E+01 0.116512916E+01 0.118332823E+01 0.120195391E+01
 0.122100380E+01 0.124047543E+01 0.126036631E+01 0.128067388E+01 0.130139557E+01
 0.132252875E+01 0.134407077E+01 0.136601893E+01 0.138837049E+01 0.141112271E+01
 0.143427276E+01 0.145781784E+01 0.148175507E+01 0.150608156E+01 0.153079439E+01
 0.155589062E+01 0.158136727E+01 0.160722134E+01 0.163344982E+01 0.166004964E+01
 0.168701775E+01 0.171435106E+01 0.174204645E+01 0.176705981E+01 0.173943272E+01
 0.171216703E+01 0.168526583E+01 0.165873221E+01 0.163256922E+01 0.160677988E+01
 0.158136720E+01 0.155633417E+01 0.153168375E+01 0.150741886E+01 0.148354242E+01
 0.146005730E+01 0.143696635E+01 0.141427237E+01 0.139197816E+01 0.137008647E+01
 0.134860001E+01 0.132752146E+01 0.130685348E+01 0.128659865E+01 0.126675956E+01
 0.124733874E+01 0.122833866E+01 0.120976179E+01 0.119161051E+01 0.117388720E+01
 0.115659416E+01 0.113973367E+01 0.112330794E+01 0.110731916E+01 0.109176944E+01
 0.107666085E+01 0.106199544E+01 0.104777515E+01 0.103400193E+01 0.102067762E+01
 0.100780405E+01 0.995382959E+00 0.983416059E+00 0.971904989E+00 0.960851334E+00
 0.950256620E+00 0.940122313E+00 0.930449821E+00 0.921240490E+00 0.912495604E+00
 0.904216387E+00 0.896403999E+00 0.889059537E+00 0.882184034E+00 0.875778459E+00
 0.869843718E+00 0.864380649E+00 0.859390026E+00 0.854872556E+00 0.850828882E+00
 0.847259578E+00 0.844165152E+00 0.841546044E+00 0.839402629E+00 0.837735210E+00
 0.836544027E+00 0.835829250E+00 0.835590980E+00 0.835829251E+00 0.836544030E+00
 0.837735214E+00 0.839402634E+00 0.841546051E+00 0.844165160E+00 0.847259587E+00
 0.850828893E+00 0.854872568E+00 0.859390039E+00 0.864380663E+00 0.869843734E+00
 0.875778476E+00 0.882184052E+00 0.889059556E+00 0.896404020E+00 0.904216409E+00
 0.912495628E+00 0.921240515E+00 0.930449847E+00 0.940122340E+00 0.950256648E+00
 0.960851364E+00 0.971905021E+00 0.983416092E+00 0.995382993E+00 0.100780408E+01
 0.102067766E+01 0.103400196E+01 0.104777519E+01 0.106199548E+01 0.107666090E+01
 0.109176948E+01 0.110731920E+01 0.112330799E+01 0.113973372E+01 0.115659421E+01
 0.117388725E+01 0.119161056E+01 0.120976184E+01 0.122833872E+01 0.124733879E+01
 0.126675962E+01 0.128659871E+01 0.130685353E+01 0.132752152E+01 0.134860007E+01
 0.137008653E+01 0.139197823E+01 0.141427243E+01 0.143696641E+01 0.146005737E+01
 0.148354249E+01 0.150741893E+01 0.153168381E+01 0.155633424E+01 0.158136727E+01
 0.160677995E+01 0.163256929E+01 0.165873229E+01 0.168526591E+01 0.171216710E+01
 0.173943279E+01 0.176705989E+01 0.179244516E+01 0.176488718E+01 0.173768991E+01
 0.171085643E+01 0.168438980E+01 0.165829306E+01 0.163256922E+01 0.160722127E+01
 0.158225219E+01 0.155766492E+01 0.153346236E+01 0.150964743E+01 0.148622296E+01
 0.146319181E+01 0.144055676E+01 0.141832058E+01 0.139648602E+01 0.137505576E+01
 0.135403249E+01 0.133341883E+01 0.131321737E+01 0.129343067E+01 0.127406124E+01
 0.125511156E+01 0.123658406E+01 0.121848114E+01 0.120080512E+01 0.118355833E+01
 0.116674302E+01 0.115036138E+01 0.113441560E+01 0.111890777E+01 0.110383997E+01
 0.108921420E+01 0.107503242E+01 0.106129655E+01 0.104800844E+01 0.103516988E+01
 0.102278264E+01 0.101084838E+01 0.999368758E+00 0.988345336E+00 0.977779636E+00
 0.967673115E+00 0.958027173E+00 0.948843147E+00 0.940122315E+00 0.931865893E+00
 0.924075033E+00 0.916750828E+00 0.909894304E+00 0.903506424E+00 0.897588088E+00
 0.892140131E+00 0.887163321E+00 0.882658361E+00 0.878625891E+00 0.875066480E+00
 0.871980634E+00 0.869368791E+00 0.867231322E+00 0.865568531E+00 0.864380655E+00
 0.863667861E+00 0.863430253E+00 0.863667863E+00 0.864380657E+00 0.865568535E+00
 0.867231328E+00 0.869368798E+00 0.871980642E+00 0.875066489E+00 0.878625901E+00
 0.882658373E+00 0.887163334E+00 0.892140145E+00 0.897588104E+00 0.903506441E+00
 0.909894322E+00 0.916750848E+00 0.924075054E+00 0.931865915E+00 0.940122338E+00
 0.948843172E+00 0.958027199E+00 0.967673143E+00 0.977779665E+00 0.988345366E+00
 0.999368789E+00 0.101084842E+01 0.102278267E+01 0.103516992E+01 0.104800847E+01
 0.106129659E+01 0.107503246E+01 0.108921424E+01 0.110384001E+01 0.111890781E+01
 0.113441564E+01 0.115036143E+01 0.116674306E+01 0.118355838E+01 0.120080517E+01
 0.121848119E+01 0.123658412E+01 0.125511162E+01 0.127406130E+01 0.129343073E+01
 0.131321743E+01 0.133341889E+01 0.135403255E+01 0.137505582E+01 0.139648608E+01
 0.141832064E+01 0.144055682E+01 0.146319187E+01 0.148622303E+01 0.150964749E+01
 0.153346243E+01 0.155766498E+01 0.158225226E+01 0.160722134E+01 0.163256929E+01
 0.165829313E+01 0.168438987E+01 0.171085650E+01 0.173768998E+01 0.176488726E+01
 0.179244524E+01 0.181819951E+01 0.179071143E+01 0.176358337E+01 0.173681839E+01
 0.171041953E+01 0.168438980E+01 0.165873221E+01 0.163344974E+01 0.160854534E+01
 0.158402194E+01 0.155988244E+01 0.153612971E+01 0.151276659E+01 0.148979592E+01
 0.146722046E+01 0.144504298E+01 0.142326619E+01 0.140189278E+01 0.138092541E+01
 0.136036669E+01 0.134021920E+01 0.132048548E+01 0.130116803E+01 0.128226931E+01
 0.126379175E+01 0.124573771E+01 0.122810953E+01 0.121090950E+01 0.119413987E+01
 0.117780283E+01 0.116190052E+01 0.114643506E+01 0.113140849E+01 0.111682281E+01
 0.110267997E+01 0.108898187E+01 0.107573036E+01 0.106292721E+01 0.105057418E+01
 0.103867294E+01 0.102722511E+01 0.101623226E+01 0.100569589E+01 0.995617465E+00
 0.985998366E+00 0.976839926E+00 0.968143414E+00 0.959910039E+00 0.952140947E+00
 0.944837222E+00 0.937999887E+00 0.931629897E+00 0.925728149E+00 0.920295470E+00
 0.915332625E+00 0.910840314E+00 0.906819170E+00 0.903269762E+00 0.900192591E+00
 0.897588093E+00 0.895456637E+00 0.893798524E+00 0.892613990E+00 0.891903202E+00
 0.891666263E+00 0.891903204E+00 0.892613992E+00 0.893798528E+00 0.895456642E+00
 0.897588100E+00 0.900192599E+00 0.903269771E+00 0.906819180E+00 0.910840325E+00
 0.915332638E+00 0.920295484E+00 0.925728164E+00 0.931629914E+00 0.937999905E+00
 0.944837242E+00 0.952140968E+00 0.959910061E+00 0.968143437E+00 0.976839951E+00
 0.985998392E+00 0.995617492E+00 0.100569592E+01 0.101623229E+01 0.102722514E+01
 0.103867297E+01 0.105057421E+01 0.106292725E+01 0.107573039E+01 0.108898191E+01
 0.110268001E+01 0.111682285E+01 0.113140853E+01 0.114643510E+01 0.116190057E+01
 0.117780287E+01 0.119413992E+01 0.121090955E+01 0.122810958E+01 0.124573776E+01
 0.126379180E+01 0.128226936E+01 0.130116808E+01 0.132048553E+01 0.134021926E+01
 0.136036675E+01 0.138092547E+01 0.140189284E+01 0.142326625E+01 0.144504304E+01
 0.146722052E+01 0.148979598E+01 0.151276666E+01 0.153612977E+01 0.155988250E+01
 0.158402201E+01 0.160854541E+01 0.163344981E+01 0.165873228E+01 0.168438987E+01
 0.171041960E+01 0.173681846E+01 0.176358345E+01 0.179071151E+01 0.181819958E+01
 0.184431991E+01 0.181690253E+01 0.178984446E+01 0.176314874E+01 0.173681839E+01
 0.171085643E+01 0.168526584E+01 0.166004957E+01 0.163521057E+01 0.161075175E+01
 0.158667599E+01 0.156298615E+01 0.153968507E+01 0.151677553E+01 0.149426033E+01
 0.147214218E+01 0.145042381E+01 0.142910787E+01 0.140819702E+01 0.138769384E+01
 0.136760091E+01 0.134792075E+01 0.132865584E+01 0.130980864E+01 0.129138155E+01
 0.127337694E+01 0.125579712E+01 0.123864436E+01 0.122192091E+01 0.120562894E+01
 0.118977059E+01 0.117434794E+01 0.115936305E+01 0.114481789E+01 0.113071441E+01
 0.111705449E+01 0.110383997E+01 0.109107262E+01 0.107875417E+01 0.106688629E+01
 0.105547060E+01 0.104450864E+01 0.103400193E+01 0.102395190E+01 0.101435993E+01
 0.100522735E+01 0.996555422E+00 0.988345340E+00 0.980598248E+00 0.973315224E+00
 0.966497282E+00 0.960145374E+00 0.954260390E+00 0.948843152E+00 0.943894422E+00
 0.939414894E+00 0.935405198E+00 0.931865899E+00 0.928797496E+00 0.926200421E+00
 0.924075041E+00 0.922421657E+00 0.921240501E+00 0.920531741E+00 0.920295477E+00
 0.920531742E+00 0.921240503E+00 0.922421661E+00 0.924075046E+00 0.926200428E+00
 0.928797504E+00 0.931865908E+00 0.935405208E+00 0.939414906E+00 0.943894435E+00
 0.948843167E+00 0.954260405E+00 0.960145391E+00 0.966497300E+00 0.973315243E+00
 0.980598269E+00 0.988345362E+00 0.996555445E+00 0.100522738E+01 0.101435996E+01
 0.102395193E+01 0.103400196E+01 0.104450867E+01 0.105547063E+01 0.106688633E+01
 0.107875421E+01 0.109107266E+01 0.110384001E+01 0.111705453E+01 0.113071445E+01
 0.114481793E+01 0.115936309E+01 0.117434799E+01 0.118977063E+01 0.120562898E+01
 0.122192095E+01 0.123864441E+01 0.125579716E+01 0.127337699E+01 0.129138161E+01
 0.130980870E+01 0.132865590E+01 0.134792080E+01 0.136760096E+01 0.138769390E+01
 0.140819708E+01 0.142910793E+01 0.145042387E+01 0.147214224E+01 0.149426039E+01
 0.151677560E+01 0.153968513E+01 0.156298621E+01 0.158667605E+01 0.161075181E+01
 0.163521064E+01 0.166004964E+01 0.168526591E+01 0.171085650E+01 0.173681846E+01
 0.176314881E+01 0.178984453E+01 0.181690261E+01 0.184431999E+01 0.187080341E+01
 0.184345750E+01 0.181647017E+01 0.178984446E+01 0.176358338E+01 0.173768991E+01
 0.171216703E+01 0.168701768E+01 0.166224478E+01 0.163785123E+01 0.161383990E+01
 0.159021363E+01 0.156697524E+01 0.154412751E+01 0.152167319E+01 0.149961502E+01
 0.147795568E+01 0.145669783E+01 0.143584408E+01 0.141539704E+01 0.139535924E+01
 0.137573321E+01 0.135652140E+01 0.133772627E+01 0.131935019E+01 0.130139551E+01
 0.128386455E+01 0.126675957E+01 0.125008278E+01 0.123383635E+01 0.121802241E+01
 0.120264304E+01 0.118770026E+01 0.117319605E+01 0.115913234E+01 0.114551100E+01
 0.113233385E+01 0.111960267E+01 0.110731916E+01 0.109548500E+01 0.108410177E+01
 0.107317104E+01 0.106269428E+01 0.105267294E+01 0.104310839E+01 0.103400193E+01
 0.102535484E+01 0.101716829E+01 0.100944343E+01 0.100218131E+01 0.995382967E+00
 0.989049328E+00 0.983181280E+00 0.977779643E+00 0.972845173E+00 0.968378560E+00
 0.964380430E+00 0.960851345E+00 0.957791799E+00 0.955202224E+00 0.953082983E+00
 0.951434375E+00 0.950256633E+00 0.949549921E+00 0.949314340E+00 0.949549922E+00
 0.950256635E+00 0.951434379E+00 0.953082989E+00 0.955202231E+00 0.957791807E+00
 0.960851354E+00 0.964380440E+00 0.968378572E+00 0.972845186E+00 0.977779658E+00
 0.983181296E+00 0.989049344E+00 0.995382985E+00 0.100218133E+01 0.100944345E+01
 0.101716831E+01 0.102535486E+01 0.103400196E+01 0.104310841E+01 0.105267297E+01
 0.106269431E+01 0.107317107E+01 0.108410180E+01 0.109548503E+01 0.110731920E+01
 0.111960270E+01 0.113233389E+01 0.114551104E+01 0.115913238E+01 0.117319609E+01
 0.118770030E+01 0.120264308E+01 0.121802246E+01 0.123383640E+01 0.125008282E+01
 0.126675961E+01 0.128386460E+01 0.130139556E+01 0.131935024E+01 0.133772632E+01
 0.135652146E+01 0.137573326E+01 0.139535930E+01 0.141539710E+01 0.143584414E+01
 0.145669788E+01 0.147795574E+01 0.149961508E+01 0.152167326E+01 0.154412757E+01
 0.156697530E+01 0.159021370E+01 0.161383997E+01 0.163785130E+01 0.166224485E+01
 0.168701775E+01 0.171216710E+01 0.173768998E+01 0.176358345E+01 0.178984453E+01
 0.181647025E+01 0.184345757E+01 0.187080349E+01 0.189764704E+01 0.187037334E+01
 0.184345750E+01 0.181690253E+01 0.179071144E+01 0.176488718E+01 0.173943272E+01
 0.171435098E+01 0.168964488E+01 0.166531728E+01 0.164137104E+01 0.161780900E+01
 0.159463395E+01 0.157184866E+01 0.154945586E+01 0.152745828E+01 0.150585858E+01
 0.148465940E+01 0.146386336E+01 0.144347303E+01 0.142349093E+01 0.140391958E+01
 0.138476142E+01 0.136601887E+01 0.134769432E+01 0.132979009E+01 0.131230849E+01
 0.129525176E+01 0.127862211E+01 0.126242169E+01 0.124665262E+01 0.123131695E+01
 0.121641671E+01 0.120195387E+01 0.118793032E+01 0.117434795E+01 0.116120855E+01
 0.114851390E+01 0.113626569E+01 0.112446557E+01 0.111311514E+01 0.110221594E+01
 0.109176944E+01 0.108177708E+01 0.107224021E+01 0.106316015E+01 0.105453814E+01
 0.104637536E+01 0.103867294E+01 0.103143196E+01 0.102465340E+01 0.101833821E+01
 0.101248727E+01 0.100710139E+01 0.100218132E+01 0.997727749E+00 0.993741300E+00
 0.990222529E+00 0.987171930E+00 0.984589929E+00 0.982476889E+00 0.980833105E+00
 0.979658809E+00 0.978954166E+00 0.978719275E+00 0.978954168E+00 0.979658812E+00
 0.980833109E+00 0.982476894E+00 0.984589936E+00 0.987171938E+00 0.990222538E+00
 0.993741310E+00 0.997727760E+00 0.100218133E+01 0.100710140E+01 0.101248728E+01
 0.101833822E+01 0.102465342E+01 0.103143197E+01 0.103867296E+01 0.104637538E+01
 0.105453816E+01 0.106316017E+01 0.107224024E+01 0.108177711E+01 0.109176947E+01
 0.110221597E+01 0.111311517E+01 0.112446560E+01 0.113626572E+01 0.114851393E+01
 0.116120859E+01 0.117434798E+01 0.118793036E+01 0.120195390E+01 0.121641675E+01
 0.123131700E+01 0.124665266E+01 0.126242174E+01 0.127862216E+01 0.129525181E+01
 0.131230854E+01 0.132979014E+01 0.134769437E+01 0.136601892E+01 0.138476147E+01
 0.140391963E+01 0.142349099E+01 0.144347308E+01 0.146386342E+01 0.148465946E+01
 0.150585864E+01 0.152745834E+01 0.154945593E+01 0.157184872E+01 0.159463401E+01
 0.161780907E+01 0.164137111E+01 0.166531735E+01 0.168964495E+01 0.171435105E+01
 0.173943279E+01 0.176488725E+01 0.179071151E+01 0.181690261E+01 0.184345757E+01
 0.187037341E+01 0.189764711E+01 0.192484779E+01 0.189764704E+01 0.187080341E+01
 0.184431991E+01 0.181819951E+01 0.179244517E+01 0.176705982E+01 0.174204638E+01
 0.171740773E+01 0.169314675E+01 0.166926626E+01 0.164576909E+01 0.162265801E+01
 0.159993578E+01 0.157760513E+01 0.155566874E+01 0.153412927E+01 0.151298936E+01
 0.149225159E+01 0.147191852E+01 0.145199268E+01 0.143247654E+01 0.141337256E+01
 0.139468312E+01 0.137641061E+01 0.135855733E+01 0.134112557E+01 0.132411757E+01
 0.130753552E+01 0.129138156E+01 0.127565779E+01 0.126036626E+01 0.124550897E+01
 0.123108789E+01 0.121710490E+01 0.120356188E+01 0.119046060E+01 0.117780283E+01
 0.116559026E+01 0.115382452E+01 0.114250721E+01 0.113163984E+01 0.112122390E+01
 0.111126079E+01 0.110175188E+01 0.109269846E+01 0.108410177E+01 0.107596300E+01
 0.106828325E+01 0.106106359E+01 0.105430501E+01 0.104800845E+01 0.104217478E+01
 0.103680480E+01 0.103189928E+01 0.102745888E+01 0.102348422E+01 0.101997586E+01
 0.101693430E+01 0.101435994E+01 0.101225316E+01 0.101061425E+01 0.100944343E+01
 0.100874088E+01 0.100850668E+01 0.100874088E+01 0.100944344E+01 0.101061425E+01
 0.101225317E+01 0.101435995E+01 0.101693431E+01 0.101997587E+01 0.102348423E+01
 0.102745889E+01 0.103189929E+01 0.103680482E+01 0.104217479E+01 0.104800846E+01
 0.105430503E+01 0.106106361E+01 0.106828327E+01 0.107596302E+01 0.108410180E+01
 0.109269849E+01 0.110175191E+01 0.111126082E+01 0.112122393E+01 0.113163987E+01
 0.114250724E+01 0.115382456E+01 0.116559029E+01 0.117780287E+01 0.119046064E+01
 0.120356191E+01 0.121710494E+01 0.123108793E+01 0.124550901E+01 0.126036630E+01
 0.127565783E+01 0.129138160E+01 0.130753557E+01 0.132411762E+01 0.134112562E+01
 0.135855738E+01 0.137641066E+01 0.139468317E+01 0.141337261E+01 0.143247660E+01
 0.145199274E+01 0.147191858E+01 0.149225165E+01 0.151298941E+01 0.153412933E+01
 0.155566880E+01 0.157760519E+01 0.159993585E+01 0.162265808E+01 0.164576916E+01
 0.166926633E+01 0.169314682E+01 0.171740780E+01 0.174204645E+01 0.176705989E+01
 0.179244524E+01 0.181819958E+01 0.184431998E+01 0.187080349E+01 0.189764711E+01
 0.192484787E+01
 0.171000004E+01 0.171119830E+01 0.171239739E+01 0.171359726E+01 0.171479793E+01
 0.171599936E+01 0.171720166E+01 0.171840469E+01 0.171960853E+01 0.172081320E+01
 0.172201869E+01 0.172322488E+01 0.172443194E+01 0.172563981E+01 0.172684848E+01
 0.172805789E+01 0.172926822E+01 0.173047920E+01 0.173169109E+01 0.173290375E+01
 0.173411719E+01 0.173533152E+01 0.173654655E+01 0.173776243E+01 0.173897915E+01
 0.174019653E+01 0.174141490E+01 0.174263399E+01 0.174385387E+01 0.174507464E+01
 0.174629617E+01 0.174751846E+01 0.174874158E+01 0.174996552E+01 0.175119035E+01
 0.175241589E+01 0.175364217E+01 0.175486944E+01 0.175609734E+01 0.175732623E+01
 0.175855583E+01 0.175978624E+01 0.176101760E+01 0.176224956E+01 0.176348249E+01
 0.176471610E+01 0.176595065E+01 0.176718608E+01 0.176842214E+01 0.176965918E+01
 0.177089683E+01 0.177213546E+01 0.177337492E+01 0.177461507E+01 0.177585616E+01
 0.177709807E+01 0.177834071E+01 0.177958418E+01 0.178082861E+01 0.178207372E+01
 0.178331966E+01 0.178456639E+01 0.178581409E+01 0.178706251E+01 0.178831185E+01
 0.178956189E+01 0.179081285E+01 0.179206452E+01 0.179331713E+01 0.179457048E+01
 0.179582462E+01 0.179707980E+01 0.179833562E+01 0.179959236E+01 0.180084984E+01
 0.180210814E+01 0.180336732E+01 0.180462746E+01 0.180588818E+01 0.180715003E+01
 0.180841239E+01 0.180967585E+01 0.181094003E+01 0.181220502E+01 0.181347071E+01
 0.181473745E+01 0.181600487E+01 0.181727335E+01 0.181854252E+01 0.181981252E+01
 0.182108322E+01 0.182235504E+01 0.182362760E+01 0.182490080E+01 0.182617505E+01
 0.182745026E+01 0.182872605E+01 0.183000286E+01 0.183128032E+01 0.183255862E+01
 0.183383792E+01 0.183511787E+01 0.183639892E+01 0.183768071E+01 0.183896316E+01
 0.184024673E+01 0.184153107E+01 0.184281610E+01 0.184410201E+01 0.184538901E+01
 0.184667674E+01 0.184796513E+01 0.184925439E+01 0.185054473E+01 0.185183581E+01
 0.185312782E+01 0.185442043E+01 0.185571414E+01 0.185700859E+01 0.185830373E+01
 0.185960007E+01 0.186089697E+01 0.186219495E+01 0.186349366E+01 0.186479304E+01
 0.186609364E+01 0.186739478E+01 0.186869703E+01 0.187000002E+01
  129  100
 0.900000000E+01-0.122464680E-15 0.900120454E+01-0.490676743E-01 0.900481527E+01
-0.980171403E-01 0.901082349E+01-0.146730474E+00 0.901921472E+01-0.195090322E+00
 0.902996875E+01-0.242980180E+00 0.904305966E+01-0.290284677E+00 0.905845593E+01
-0.336889853E+00 0.907612047E+01-0.382683432E+00 0.909601071E+01-0.427555093E+00
 0.911807874E+01-0.471396737E+00 0.914227139E+01-0.514102744E+00 0.916853039E+01
-0.555570233E+00 0.919679247E+01-0.595699304E+00 0.922698955E+01-0.634393284E+00
 0.925904887E+01-0.671558955E+00 0.929289322E+01-0.707106781E+00 0.932844105E+01
-0.740951125E+00 0.936560672E+01-0.773010453E+00 0.940430070E+01-0.803207531E+00
 0.944442977E+01-0.831469612E+00 0.948589726E+01-0.857728610E+00 0.952860326E+01
-0.881921264E+00 0.957244491E+01-0.903989293E+00 0.961731657E+01-0.923879533E+00
 0.966311015E+01-0.941544065E+00 0.970971532E+01-0.956940336E+00 0.975701982E+01
-0.970031253E+00 0.980490968E+01-0.980785280E+00 0.985326953E+01-0.989176510E+00
 0.990198286E+01-0.995184727E+00 0.995093233E+01-0.998795456E+00 0.100000000E+02
-0.100000000E+01 0.100490677E+02-0.998795456E+00 0.100980171E+02-0.995184727E+00
 0.101467305E+02-0.989176510E+00 0.101950903E+02-0.980785280E+00 0.102429802E+02
-0.970031253E+00 0.102902847E+02-0.956940336E+00 0.103368899E+02-0.941544065E+00
 0.103826834E+02-0.923879533E+00 0.104275551E+02-0.903989293E+00 0.104713967E+02
-0.881921264E+00 0.105141027E+02-0.857728610E+00 0.105555702E+02-0.831469612E+00
 0.105956993E+02-0.803207531E+00 0.106343933E+02-0.773010453E+00 0.106715590E+02
-0.740951125E+00 0.107071068E+02-0.707106781E+00 0.107409511E+02-0.671558955E+00
 0.107730105E+02-0.634393284E+00 0.108032075E+02-0.595699304E+00 0.108314696E+02
-0.555570233E+00 0.108577286E+02-0.514102744E+00 0.108819213E+02-0.471396737E+00
 0.109039893E+02-0.427555093E+00 0.109238795E+02-0.382683432E+00 0.109415441E+02
-0.336889853E+00 0.109569403E+02-0.290284677E+00 0.109700313E+02-0.242980180E+00
 0.109807853E+02-0.195090322E+00 0.109891765E+02-0.146730474E+00 0.109951847E+02
-0.980171403E-01 0.109987955E+02-0.490676743E-01 0.110000000E+02 0.000000000E+00
 0.109987955E+02 0.490676743E-01 0.109951847E+02 0.980171403E-01 0.109891765E+02
 0.146730474E+00 0.109807853E+02 0.195090322E+00 0.109700313E+02 0.242980180E+00
 0.109569403E+02 0.290284677E+00 0.109415441E+02 0.336889853E+00 0.109238795E+02
 0.382683432E+00 0.109039893E+02 0.427555093E+00 0.108819213E+02 0.471396737E+00
 0.108577286E+02 0.514102744E+00 0.108314696E+02 0.555570233E+00 0.108032075E+02
 0.595699304E+00 0.107730105E+02 0.634393284E+00 0.107409511E+02 0.671558955E+00
 0.107071068E+02 0.707106781E+00 0.106715590E+02 0.740951125E+00 0.106343933E+02
 0.773010453E+00 0.105956993E+02 0.803207531E+00 0.105555702E+02 0.831469612E+00
 0.105141027E+02 0.857728610E+00 0.104713967E+02 0.881921264E+00 0.104275551E+02
 0.903989293E+00 0.103826834E+02 0.923879533E+00 0.103368899E+02 0.941544065E+00
 0.102902847E+02 0.956940336E+00 0.102429802E+02 0.970031253E+00 0.101950903E+02
 0.980785280E+00 0.101467305E+02 0.989176510E+00 0.100980171E+02 0.995184727E+00
 0.100490677E+02 0.998795456E+00 0.100000000E+02 0.100000000E+01 0.995093233E+01
 0.998795456E+00 0.990198286E+01 0.995184727E+00 0.985326953E+01 0.989176510E+00
 0.980490968E+01 0.980785280E+00 0.975701982E+01 0.970031253E+00 0.970971532E+01
 0.956940336E+00 0.966311015E+01 0.941544065E+00 0.961731657E+01 0.923879533E+00
 0.957244491E+01 0.903989293E+00 0.952860326E+01 0.881921264E+00 0.948589726E+01
 0.857728610E+00 0.944442977E+01 0.831469612E+00 0.940430070E+01 0.803207531E+00
 0.936560672E+01 0.773010453E+00 0.932844105E+01 0.740951125E+00 0.929289322E+01
 0.707106781E+00 0.925904887E+01 0.671558955E+00 0.922698955E+01 0.634393284E+00
 0.919679247E+01 0.595699304E+00 0.916853039E+01 0.555570233E+00 0.914227139E+01
 0.514102744E+00 0.911807874E+01 0.471396737E+00 0.909601071E+01 0.427555093E+00
 0.907612047E+01 0.382683432E+00 0.905845593E+01 0.336889853E+00 0.904305966E+01
 0.290284677E+00 0.902996875E+01 0.242980180E+00 0.901921472E+01 0.195090322E+00
 0.901082349E+01 0.146730474E+00 0.900481527E+01 0.980171403E-01 0.900120454E+01
 0.490676743E-01 0.900000000E+01 0.122464680E-15
 0.000000000E+00 0.000000000E+00 0.000000000E+00 0.000000000E+00 0.000000000E+00
 0.000000000E+00 0.000000000E+00 0.000000000E+00 0.000000000E+00 0.000000000E+00
 0.000000000E+00 0.000000000E+00 0.000000000E+00 0.000000000E+00 0.000000000E+00
 0.000000000E+00 0.000000000E+00 0.000000000E+00 0.000000000E+00 0.000000000E+00
 0.000000000E+00 0.000000000E+00 0.000000000E+00 0.000000000E+00 0.000000000E+00
 0.000000000E+00 0.000000000E+00 0.000000000E+00 0.000000000E+00 0.000000000E+00
 0.000000000E+00 0.000000000E+00 0.000000000E+00 0.000000000E+00 0.000000000E+00
 0.000000000E+00 0.000000000E+00 0.000000000E+00 0.000000000E+00 0.000000000E+00
 0.000000000E+00 0.000000000E+00 0.000000000E+00 0.000000000E+00 0.000000000E+00
 0.000000000E+00 0.000000000E+00 0.000000000E+00 0.000000000E+00 0.000000000E+00
 0.000000000E+00 0.000000000E+00 0.000000000E+00 0.000000000E+00 0.000000000E+00
 0.000000000E+00 0.000000000E+00 0.000000000E+00 0.000000000E+00 0.000000000E+00
 0.000000000E+00 0.000000000E+00 0.000000000E+00 0.000000000E+00 0.000000000E+00
 0.000000000E+00 0.000000000E+00 0.000000000E+00 0.000000000E+00 0.000000000E+00
 0.000000000E+00 0.000000000E+00 0.000000000E+00 0.000000000E+00 0.000000000E+00
 0.000000000E+00 0.000000000E+00 0.000000000E+00 0.000000000E+00 0.000000000E+00
 0.000000000E+00 0.000000000E+00 0.000000000E+00 0.000000000E+00 0.000000000E+00
 0.000000000E+00 0.000000000E+00 0.000000000E+00 0.000000000E+00 0.000000000E+00
 0.000000000E+00 0.000000000E+00 0.000000000E+00 0.000000000E+00 0.000000000E+00
 0.000000000E+00 0.000000000E+00 0.000000000E+00 0.000000000E+00 0.000000000E+00
 0.000000000E+00 0.000000000E+00 0.000000000E+00 0.000000000E+00 0.000000000E+00
 0.000000000E+00 0.000000000E+00 0.000000000E+00 0.000000000E+00 0.000000000E+00
 0.000000000E+00 0.000000000E+00 0.000000000E+00 0.000000000E+00 0.000000000E+00
 0.000000000E+00 0.000000000E+00 0.000000000E+00 0.000000000E+00 0.000000000E+00
 0.000000000E+00 0.000000000E+00 0.000000000E+00 0.000000000E+00 0.000000000E+00
 0.000000000E+00 0.000000000E+00 0.000000000E+00 0.000000000E+00 0.000000000E+00
 0.000000000E+00 0.000000000E+00 0.000000000E+00 0.000000000E+00 0.000000000E+00
 0.000000000E+00 0.000000000E+00 0.000000000E+00 0.000000000E+00 0.000000000E+00
 0.000000000E+00 0.000000000E+00 0.000000000E+00 0.000000000E+00 0.000000000E+00
 0.000000000E+00 0.000000000E+00 0.000000000E+00 0.000000000E+00 0.000000000E+00
 0.000000000E+00 0.000000000E+00 0.000000000E+00 0.000000000E+00 0.000000000E+00
 0.000000000E+00 0.000000000E+00 0.000000000E+00 0.000000000E+00 0.000000000E+00
 0.000000000E+00 0.000000000E+00 0.000000000E+00 0.000000000E+00 0.000000000E+00
 0.000000000E+00 0.000000000E+00 0.000000000E+00 0.000000000E+00 0.000000000E+00
 0.000000000E+00 0.000000000E+00 0.000000000E+00 0.000000000E+00 0.000000000E+00
 0.000000000E+00 0.000000000E+00 0.000000000E+00 0.000000000E+00 0.000000000E+00
 0.000000000E+00 0.000000000E+00 0.000000000E+00 0.000000000E+00 0.000000000E+00
 0.000000000E+00 0.000000000E+00 0.000000000E+00 0.000000000E+00 0.000000000E+00
 0.000000000E+00 0.000000000E+00 0.000000000E+00 0.000000000E+00 0.000000000E+00
 0.000000000E+00 0.000000000E+00 0.000000000E+00 0.000000000E+00 0.000000000E+00
